,ADJ,ADP,ADV,AUX,CCONJ,DET,NOUN,NUM,PART,PRON,PROPN,SCONJ,VERB
0,0.11627906976744186,0.05555555555555555,0.0,0.17391304347826086,0.16666666666666666,0.11428571428571428,0.005649717514124294,0.0,0.0,0.06666666666666667,0.05084745762711865,0.14285714285714285,0.0
1,0.7209302325581395,0.5555555555555556,0.5142857142857142,0.7391304347826086,0.3333333333333333,0.8,0.07344632768361582,0.5,0.5,0.4,0.13559322033898305,0.8571428571428571,0.65625
2,0.0,0.16666666666666666,0.0,0.0,0.16666666666666666,0.02857142857142857,0.0,0.0,0.0,0.0,0.0,0.0,0.0
3,0.046511627906976744,0.2222222222222222,0.11428571428571428,0.08695652173913043,0.3333333333333333,0.02857142857142857,0.4180790960451977,0.16666666666666666,0.5,0.3333333333333333,0.0847457627118644,0.0,0.3125
4,0.11627906976744186,0.0,0.37142857142857144,0.0,0.0,0.02857142857142857,0.5028248587570622,0.3333333333333333,0.0,0.2,0.7288135593220338,0.0,0.03125
