,ADJ,ADP,ADV,AUX,CCONJ,DET,NOUN,NUM,PART,PRON,PROPN,SCONJ,VERB
0,0.0465587044534413,0.0465587044534413,0.0465587044534413,0.0465587044534413,0.0465587044534413,0.0465587044534413,0.0465587044534413,0.0465587044534413,0.0465587044534413,0.0465587044534413,0.0465587044534413,0.0465587044534413,0.0465587044534413
1,0.3623481781376518,0.3623481781376518,0.3623481781376518,0.3623481781376518,0.3623481781376518,0.3623481781376518,0.3623481781376518,0.3623481781376518,0.3623481781376518,0.3623481781376518,0.3623481781376518,0.3623481781376518,0.3623481781376518
2,0.010121457489878543,0.010121457489878543,0.010121457489878543,0.010121457489878543,0.010121457489878543,0.010121457489878543,0.010121457489878543,0.010121457489878543,0.010121457489878543,0.010121457489878543,0.010121457489878543,0.010121457489878543,0.010121457489878543
3,0.24696356275303644,0.24696356275303644,0.24696356275303644,0.24696356275303644,0.24696356275303644,0.24696356275303644,0.24696356275303644,0.24696356275303644,0.24696356275303644,0.24696356275303644,0.24696356275303644,0.24696356275303644,0.24696356275303644
4,0.3340080971659919,0.3340080971659919,0.3340080971659919,0.3340080971659919,0.3340080971659919,0.3340080971659919,0.3340080971659919,0.3340080971659919,0.3340080971659919,0.3340080971659919,0.3340080971659919,0.3340080971659919,0.3340080971659919
