{"degree": 32.988, "eigenvectorCentrality": 0.03464922246304549, "betweennessCentrality": 0.0021094558595101853, "closenessCentrality": 0.49105261163609243, "harmonicCentrality": 256.3040000000002, "componentSize": 1.0, "pagerank": 0.002, "coreNumber": 17.66, "onionLayer": 33.69, "effectiveSize": 25.476491656932158, "nodeCliqueNumber": 6.98, "numberOfCliques": 153.418, "clustering": 0.27928950488491633, "squareClustering": 0.12956435293583002, "closenessVitality": 0.972, "constraint": 0.06697260620767037, "degree_neighborMean": 79.1897118481995, "eigenvectorCentrality_neighborMean": 0.0696745882940734, "betweennessCentrality_neighborMean": 0.012603820919041489, "closenessCentrality_neighborMean": 0.5336887934276181, "harmonicCentrality_neighborMean": 284.5982834285045, "componentSize_neighborMean": 1.0, "pagerank_neighborMean": 0.004477401450659055, "coreNumber_neighborMean": 21.65119543224283, "onionLayer_neighborMean": 50.327190307160414, "effectiveSize_neighborMean": 66.3079450895997, "nodeCliqueNumber_neighborMean": 9.102478990945833, "numberOfCliques_neighborMean": 748.2787175696257, "clustering_neighborMean": 0.22002551683570792, "squareClustering_neighborMean": 0.11684882281034155, "closenessVitality_neighborMean": 0.7373508495721597, "constraint_neighborMean": 0.03668873872542078, "degree_neighborStd": 68.65249191482523, "eigenvectorCentrality_neighborStd": 0.04831576672187316, "betweennessCentrality_neighborStd": 0.023248975059630562, "closenessCentrality_neighborStd": 0.05638656544730486, "harmonicCentrality_neighborStd": 37.7744386063996, "componentSize_neighborStd": 0.0, "pagerank_neighborStd": 0.003734428758695969, "coreNumber_neighborStd": 3.5905153013560236, "onionLayer_neighborStd": 16.60863575048338, "effectiveSize_neighborStd": 62.55379705744881, "nodeCliqueNumber_neighborStd": 2.7182657578837763, "numberOfCliques_neighborStd": 1165.7539715296189, "clustering_neighborStd": 0.08240903183341497, "squareClustering_neighborStd": 0.018013929663971282, "closenessVitality_neighborStd": 0.6157219291981043, "constraint_neighborStd": 0.02411914105756041}