{"degree": 21.050100200400802, "eigenvectorCentrality": 0.034332162771854365, "betweennessCentrality": 0.0025490525951825265, "closenessCentrality": 0.4462722296892576, "harmonicCentrality": 234.2235136940552, "componentSize": 1.0, "pagerank": 0.002004008016032064, "coreNumber": 11.27254509018036, "onionLayer": 31.054108216432866, "effectiveSize": 17.465753396879922, "nodeCliqueNumber": 4.717434869739479, "numberOfCliques": 35.276553106212425, "clustering": 0.21537828573705534, "squareClustering": 0.08131127534906359, "closenessVitality": 0.9599198396793587, "constraint": 0.10187198344663895, "degree_neighborMean": 51.485894570696374, "eigenvectorCentrality_neighborMean": 0.06912388320974162, "betweennessCentrality_neighborMean": 0.01596377205929008, "closenessCentrality_neighborMean": 0.486000649294721, "harmonicCentrality_neighborMean": 258.81331760533385, "componentSize_neighborMean": 1.0, "pagerank_neighborMean": 0.004537460794096335, "coreNumber_neighborMean": 12.887468906609797, "onionLayer_neighborMean": 41.65900173941695, "effectiveSize_neighborMean": 45.80750923163492, "nodeCliqueNumber_neighborMean": 5.5630889286486696, "numberOfCliques_neighborMean": 162.7104475925267, "clustering_neighborMean": 0.1698212542367741, "squareClustering_neighborMean": 0.07505879469801449, "closenessVitality_neighborMean": 0.6938907771608969, "constraint_neighborMean": 0.05757942946094665, "degree_neighborStd": 53.1828328495768, "eigenvectorCentrality_neighborStd": 0.05861199554883926, "betweennessCentrality_neighborStd": 0.029493074160160105, "closenessCentrality_neighborStd": 0.056909755680384644, "harmonicCentrality_neighborStd": 35.72688820817052, "componentSize_neighborStd": 0.0, "pagerank_neighborStd": 0.0044415807980869495, "coreNumber_neighborStd": 1.7621869492092792, "onionLayer_neighborStd": 12.706006406143718, "effectiveSize_neighborStd": 50.20055837444828, "nodeCliqueNumber_neighborStd": 1.3118492350497681, "numberOfCliques_neighborStd": 284.9870659578305, "clustering_neighborStd": 0.07746777100735934, "squareClustering_neighborStd": 0.01382766177321004, "closenessVitality_neighborStd": 0.6121017746350939, "constraint_neighborStd": 0.03735267435543898}