{"degree": 22.86, "eigenvectorCentrality": 0.03181666688405541, "betweennessCentrality": 0.0027115274726159148, "closenessCentrality": 0.4315353290072862, "harmonicCentrality": 228.85153333333392, "componentSize": 1.0, "pagerank": 0.002, "coreNumber": 12.234, "onionLayer": 30.374, "effectiveSize": 18.876357650985486, "nodeCliqueNumber": 4.904, "numberOfCliques": 61.762, "clustering": 0.18959966489041077, "squareClustering": 0.09007157550792547, "closenessVitality": 0.956, "constraint": 0.10577505546512697, "degree_neighborMean": 46.64262568697002, "eigenvectorCentrality_neighborMean": 0.06132396907939491, "betweennessCentrality_neighborMean": 0.009768274138224332, "closenessCentrality_neighborMean": 0.4716283294861779, "harmonicCentrality_neighborMean": 252.78138800923293, "componentSize_neighborMean": 1.0, "pagerank_neighborMean": 0.0037757744935999604, "coreNumber_neighborMean": 15.48171910495532, "onionLayer_neighborMean": 45.42511846864011, "effectiveSize_neighborMean": 39.57929359461443, "nodeCliqueNumber_neighborMean": 6.3542731675496285, "numberOfCliques_neighborMean": 215.9585752194531, "clustering_neighborMean": 0.16826104671023606, "squareClustering_neighborMean": 0.08745613543353192, "closenessVitality_neighborMean": 0.7734760188683137, "constraint_neighborMean": 0.054654811961394364, "degree_neighborStd": 36.94354901249549, "eigenvectorCentrality_neighborStd": 0.04513585531284547, "betweennessCentrality_neighborStd": 0.014715632211103356, "closenessCentrality_neighborStd": 0.049547976040347, "harmonicCentrality_neighborStd": 29.959845486888153, "componentSize_neighborStd": 0.0, "pagerank_neighborStd": 0.002732435688286246, "coreNumber_neighborStd": 3.507631234644021, "onionLayer_neighborStd": 17.58834522598768, "effectiveSize_neighborStd": 32.770064136975755, "nodeCliqueNumber_neighborStd": 2.09423636343488, "numberOfCliques_neighborStd": 321.8354442841414, "clustering_neighborStd": 0.06653396643370289, "squareClustering_neighborStd": 0.018637764504622716, "closenessVitality_neighborStd": 0.49513991176885014, "constraint_neighborStd": 0.03764703757075752}