{"degree": 24.196, "eigenvectorCentrality": 0.03323466483365032, "betweennessCentrality": 0.0022152417284367937, "closenessCentrality": 0.4790760188944023, "harmonicCentrality": 249.00600000000034, "componentSize": 1.0, "pagerank": 0.002, "coreNumber": 12.772, "onionLayer": 29.136, "effectiveSize": 18.284062061699508, "nodeCliqueNumber": 6.83, "numberOfCliques": 58.912, "clustering": 0.33407804298902793, "squareClustering": 0.12379915060076911, "closenessVitality": 0.972, "constraint": 0.09476262318869479, "degree_neighborMean": 81.30695953714971, "eigenvectorCentrality_neighborMean": 0.08292799167699866, "betweennessCentrality_neighborMean": 0.021785548807117708, "closenessCentrality_neighborMean": 0.5344581671141334, "harmonicCentrality_neighborMean": 284.59969959385717, "componentSize_neighborMean": 1.0, "pagerank_neighborMean": 0.00620147012981406, "coreNumber_neighborMean": 16.44972663615113, "onionLayer_neighborMean": 49.607464369049794, "effectiveSize_neighborMean": 70.14013519139586, "nodeCliqueNumber_neighborMean": 10.082502786776786, "numberOfCliques_neighborMean": 464.7490045919149, "clustering_neighborMean": 0.2255414361081166, "squareClustering_neighborMean": 0.10533619500042422, "closenessVitality_neighborMean": 0.6432473578808101, "constraint_neighborMean": 0.04754132254251705, "degree_neighborStd": 79.9005193144638, "eigenvectorCentrality_neighborStd": 0.06401894427822946, "betweennessCentrality_neighborStd": 0.03687276803532655, "closenessCentrality_neighborStd": 0.06764764693160481, "harmonicCentrality_neighborStd": 44.251461048167506, "componentSize_neighborStd": 0.0, "pagerank_neighborStd": 0.005941222547057513, "coreNumber_neighborStd": 3.03644175213575, "onionLayer_neighborStd": 18.592401151711865, "effectiveSize_neighborStd": 74.51176723110964, "nodeCliqueNumber_neighborStd": 3.5613114163989312, "numberOfCliques_neighborStd": 728.9608508513644, "clustering_neighborStd": 0.10856181312753509, "squareClustering_neighborStd": 0.02162546505868888, "closenessVitality_neighborStd": 0.6919184936368641, "constraint_neighborStd": 0.031762072642076464}