{"degree": 15.044354838709678, "eigenvectorCentrality": 0.0324637566763902, "betweennessCentrality": 0.003171076706730356, "closenessCentrality": 0.3948915634778518, "harmonicCentrality": 207.895026881721, "componentSize": 1.0, "pagerank": 0.002016129032258064, "coreNumber": 8.141129032258064, "onionLayer": 23.133064516129032, "effectiveSize": 13.321221263175975, "nodeCliqueNumber": 3.5786290322580645, "numberOfCliques": 18.671370967741936, "clustering": 0.1416850605893322, "squareClustering": 0.06154752392294323, "closenessVitality": 0.9314516129032258, "constraint": 0.15670791475170012, "degree_neighborMean": 33.41720048995848, "eigenvectorCentrality_neighborMean": 0.06501999671994063, "betweennessCentrality_neighborMean": 0.013930308703259805, "closenessCentrality_neighborMean": 0.43413180926452755, "harmonicCentrality_neighborMean": 231.61979244538878, "componentSize_neighborMean": 1.0, "pagerank_neighborMean": 0.004172397332708094, "coreNumber_neighborMean": 10.567472091219349, "onionLayer_neighborMean": 34.88256019323613, "effectiveSize_neighborMean": 30.428668823941052, "nodeCliqueNumber_neighborMean": 4.286423505834276, "numberOfCliques_neighborMean": 53.92050591367976, "clustering_neighborMean": 0.11566314153608989, "squareClustering_neighborMean": 0.057974985245882, "closenessVitality_neighborMean": 0.7018970314909382, "constraint_neighborMean": 0.07723059136838724, "degree_neighborStd": 26.307534080073697, "eigenvectorCentrality_neighborStd": 0.0447545599455145, "betweennessCentrality_neighborStd": 0.020655154882160208, "closenessCentrality_neighborStd": 0.04588274224435171, "harmonicCentrality_neighborStd": 27.627317459716867, "componentSize_neighborStd": 0.0, "pagerank_neighborStd": 0.0031235749724266384, "coreNumber_neighborStd": 2.3672352824527336, "onionLayer_neighborStd": 12.462762000621241, "effectiveSize_neighborStd": 24.837859589063452, "nodeCliqueNumber_neighborStd": 0.9374239597146868, "numberOfCliques_neighborStd": 58.51912821686559, "clustering_neighborStd": 0.05766618808231178, "squareClustering_neighborStd": 0.01243656100090065, "closenessVitality_neighborStd": 0.5035411240988491, "constraint_neighborStd": 0.05653267555231204}