{"degree": 21.132530120481928, "eigenvectorCentrality": 0.03381371315905633, "betweennessCentrality": 0.0026532592367262266, "closenessCentrality": 0.43706771929636495, "harmonicCentrality": 229.87737617135258, "componentSize": 1.0, "pagerank": 0.002008032128514056, "coreNumber": 11.419678714859439, "onionLayer": 24.580321285140563, "effectiveSize": 17.661762216956202, "nodeCliqueNumber": 4.644578313253012, "numberOfCliques": 38.45783132530121, "clustering": 0.20143504174906757, "squareClustering": 0.09469708532016782, "closenessVitality": 0.9678714859437751, "constraint": 0.10657428789361591, "degree_neighborMean": 51.149045345403074, "eigenvectorCentrality_neighborMean": 0.0686158355522421, "betweennessCentrality_neighborMean": 0.014601928025192628, "closenessCentrality_neighborMean": 0.4791322344191716, "harmonicCentrality_neighborMean": 255.9369311391024, "componentSize_neighborMean": 1.0, "pagerank_neighborMean": 0.004500332679298558, "coreNumber_neighborMean": 13.95959702857442, "onionLayer_neighborMean": 36.43131405314252, "effectiveSize_neighborMean": 45.30402777092798, "nodeCliqueNumber_neighborMean": 5.640314462707308, "numberOfCliques_neighborMean": 158.42535865047444, "clustering_neighborMean": 0.1612833171412434, "squareClustering_neighborMean": 0.08672610708310527, "closenessVitality_neighborMean": 0.7811283361700369, "constraint_neighborMean": 0.055392291856789254, "degree_neighborStd": 47.450285298612656, "eigenvectorCentrality_neighborStd": 0.05212836098354817, "betweennessCentrality_neighborStd": 0.025339046923217343, "closenessCentrality_neighborStd": 0.05364327328981238, "harmonicCentrality_neighborStd": 33.644982784192, "componentSize_neighborStd": 0.0, "pagerank_neighborStd": 0.003968225771471644, "coreNumber_neighborStd": 2.445858454847962, "onionLayer_neighborStd": 13.08820845495982, "effectiveSize_neighborStd": 44.52464082638548, "nodeCliqueNumber_neighborStd": 1.41673581823175, "numberOfCliques_neighborStd": 237.3099051731616, "clustering_neighborStd": 0.07546416683438187, "squareClustering_neighborStd": 0.016338599742854534, "closenessVitality_neighborStd": 0.4980692302773293, "constraint_neighborStd": 0.038837175547287085}