{"degree": 14.232, "eigenvectorCentrality": 0.03254854301561845, "betweennessCentrality": 0.003076144256384255, "closenessCentrality": 0.3999572793587291, "harmonicCentrality": 211.40573333333393, "componentSize": 1.0, "pagerank": 0.002, "coreNumber": 7.732, "onionLayer": 20.844, "effectiveSize": 12.33574373868326, "nodeCliqueNumber": 3.79, "numberOfCliques": 17.144, "clustering": 0.17506403276793275, "squareClustering": 0.06436518027802797, "closenessVitality": 0.968, "constraint": 0.16182367910110765, "degree_neighborMean": 36.99104438234004, "eigenvectorCentrality_neighborMean": 0.07242431495202764, "betweennessCentrality_neighborMean": 0.01960790774189497, "closenessCentrality_neighborMean": 0.4442382445795921, "harmonicCentrality_neighborMean": 238.19431621682364, "componentSize_neighborMean": 1.0, "pagerank_neighborMean": 0.004840481710630058, "coreNumber_neighborMean": 9.75975442307201, "onionLayer_neighborMean": 32.32955798467168, "effectiveSize_neighborMean": 33.588693667361184, "nodeCliqueNumber_neighborMean": 4.7588911352675245, "numberOfCliques_neighborMean": 72.53233297133735, "clustering_neighborMean": 0.13165350029611506, "squareClustering_neighborMean": 0.056890500815500844, "closenessVitality_neighborMean": 0.7102637930040806, "constraint_neighborMean": 0.07388167334299825, "degree_neighborStd": 33.86647882636061, "eigenvectorCentrality_neighborStd": 0.058004152586078675, "betweennessCentrality_neighborStd": 0.033287395874881796, "closenessCentrality_neighborStd": 0.0507957615941491, "harmonicCentrality_neighborStd": 30.559078973583603, "componentSize_neighborStd": 0.0, "pagerank_neighborStd": 0.00416948524282546, "coreNumber_neighborStd": 1.583042852729435, "onionLayer_neighborStd": 10.31920690752516, "effectiveSize_neighborStd": 32.092357250992514, "nodeCliqueNumber_neighborStd": 1.1433624601808619, "numberOfCliques_neighborStd": 108.50684736107098, "clustering_neighborStd": 0.06944226271760628, "squareClustering_neighborStd": 0.012366081815630868, "closenessVitality_neighborStd": 0.5171074940243977, "constraint_neighborStd": 0.04915767109234889}