{"degree": 27.996, "eigenvectorCentrality": 0.03357153871862785, "betweennessCentrality": 0.0023406330733756675, "closenessCentrality": 0.4667281587621873, "harmonicCentrality": 245.26540000000037, "componentSize": 1.0, "pagerank": 0.002, "coreNumber": 15.2, "onionLayer": 32.92, "effectiveSize": 22.213500775658517, "nodeCliqueNumber": 6.016, "numberOfCliques": 91.846, "clustering": 0.2560000646597839, "squareClustering": 0.12001042120425351, "closenessVitality": 0.956, "constraint": 0.09312171978772668, "degree_neighborMean": 68.7776327298504, "eigenvectorCentrality_neighborMean": 0.07024755605483664, "betweennessCentrality_neighborMean": 0.01238643956248766, "closenessCentrality_neighborMean": 0.5135738142100204, "harmonicCentrality_neighborMean": 274.8322994476889, "componentSize_neighborMean": 1.0, "pagerank_neighborMean": 0.004562810660177872, "coreNumber_neighborMean": 19.759304575208624, "onionLayer_neighborMean": 50.950208744886794, "effectiveSize_neighborMean": 58.3726384525314, "nodeCliqueNumber_neighborMean": 7.955405537868853, "numberOfCliques_neighborMean": 442.5231181214924, "clustering_neighborMean": 0.19949601765425234, "squareClustering_neighborMean": 0.10999704176242692, "closenessVitality_neighborMean": 0.7120007162626915, "constraint_neighborMean": 0.043837845374305656, "degree_neighborStd": 55.681160744532725, "eigenvectorCentrality_neighborStd": 0.04739396180041084, "betweennessCentrality_neighborStd": 0.018597972226763255, "closenessCentrality_neighborStd": 0.05260588511640157, "harmonicCentrality_neighborStd": 34.41022085112067, "componentSize_neighborStd": 0.0, "pagerank_neighborStd": 0.003513884107809895, "coreNumber_neighborStd": 4.2380703942983375, "onionLayer_neighborStd": 17.797480636485627, "effectiveSize_neighborStd": 50.428166489609836, "nodeCliqueNumber_neighborStd": 2.2472560360338383, "numberOfCliques_neighborStd": 709.1966963074078, "clustering_neighborStd": 0.07721217893314618, "squareClustering_neighborStd": 0.018824358608770658, "closenessVitality_neighborStd": 0.608435449305538, "constraint_neighborStd": 0.0323731462605309}