{"degree": 21.852, "eigenvectorCentrality": 0.03401763118260382, "betweennessCentrality": 0.002658988660051026, "closenessCentrality": 0.4354861604567405, "harmonicCentrality": 230.25893333333389, "componentSize": 1.0, "pagerank": 0.002, "coreNumber": 11.674, "onionLayer": 28.59, "effectiveSize": 18.52460454043785, "nodeCliqueNumber": 4.532, "numberOfCliques": 38.032, "clustering": 0.17627007519483898, "squareClustering": 0.0786477801774678, "closenessVitality": 0.964, "constraint": 0.10207719984224653, "degree_neighborMean": 44.54369137561681, "eigenvectorCentrality_neighborMean": 0.06272609547627174, "betweennessCentrality_neighborMean": 0.011204777271475723, "closenessCentrality_neighborMean": 0.4729330601616763, "harmonicCentrality_neighborMean": 252.70583175559506, "componentSize_neighborMean": 1.0, "pagerank_neighborMean": 0.0037983397758502096, "coreNumber_neighborMean": 13.679853344905325, "onionLayer_neighborMean": 40.648754309933054, "effectiveSize_neighborMean": 39.24594370567125, "nodeCliqueNumber_neighborMean": 5.477955612861642, "numberOfCliques_neighborMean": 123.745024494955, "clustering_neighborMean": 0.15107579395151094, "squareClustering_neighborMean": 0.0736734821683946, "closenessVitality_neighborMean": 0.7977182211176563, "constraint_neighborMean": 0.054319911712632875, "degree_neighborStd": 38.88192346994782, "eigenvectorCentrality_neighborStd": 0.0470248687298115, "betweennessCentrality_neighborStd": 0.020020149971563667, "closenessCentrality_neighborStd": 0.04903671782277794, "harmonicCentrality_neighborStd": 29.936084617198286, "componentSize_neighborStd": 0.0, "pagerank_neighborStd": 0.0030790438046651215, "coreNumber_neighborStd": 2.0224279965509178, "onionLayer_neighborStd": 14.474713336933121, "effectiveSize_neighborStd": 36.1548806397949, "nodeCliqueNumber_neighborStd": 1.4967913571762306, "numberOfCliques_neighborStd": 191.6241292388842, "clustering_neighborStd": 0.06326972129866414, "squareClustering_neighborStd": 0.01337628662208888, "closenessVitality_neighborStd": 0.48147459799584136, "constraint_neighborStd": 0.03618226733412305}