{"degree": 19.384, "eigenvectorCentrality": 0.03315816917793264, "betweennessCentrality": 0.0028949465195451146, "closenessCentrality": 0.41648088905607994, "harmonicCentrality": 221.60040000000046, "componentSize": 1.0, "pagerank": 0.0019999999999999996, "coreNumber": 10.34, "onionLayer": 31.384, "effectiveSize": 16.69355827363147, "nodeCliqueNumber": 4.18, "numberOfCliques": 29.362, "clustering": 0.16701596460595025, "squareClustering": 0.07488506484484293, "closenessVitality": 0.924, "constraint": 0.12675133050637225, "degree_neighborMean": 41.116229097331235, "eigenvectorCentrality_neighborMean": 0.06336722440917296, "betweennessCentrality_neighborMean": 0.011940399095364774, "closenessCentrality_neighborMean": 0.4533676805864136, "harmonicCentrality_neighborMean": 244.28274636765133, "componentSize_neighborMean": 1.0, "pagerank_neighborMean": 0.003930072806401024, "coreNumber_neighborMean": 12.33594022518741, "onionLayer_neighborMean": 44.992273629414136, "effectiveSize_neighborMean": 36.72814216868438, "nodeCliqueNumber_neighborMean": 4.939102797042157, "numberOfCliques_neighborMean": 94.94378192781888, "clustering_neighborMean": 0.1396539418444871, "squareClustering_neighborMean": 0.07042799217449418, "closenessVitality_neighborMean": 0.6962545380766633, "constraint_neighborMean": 0.0661419543691943, "degree_neighborStd": 34.10837001802865, "eigenvectorCentrality_neighborStd": 0.04636560166934447, "betweennessCentrality_neighborStd": 0.018153839303430976, "closenessCentrality_neighborStd": 0.04688321494685589, "harmonicCentrality_neighborStd": 29.01915002133583, "componentSize_neighborStd": 0.0, "pagerank_neighborStd": 0.003026983190529578, "coreNumber_neighborStd": 1.9960487886259068, "onionLayer_neighborStd": 15.72419810415199, "effectiveSize_neighborStd": 31.863115708712897, "nodeCliqueNumber_neighborStd": 1.1490658103893778, "numberOfCliques_neighborStd": 128.6296259731551, "clustering_neighborStd": 0.06219196611764571, "squareClustering_neighborStd": 0.013350030231737477, "closenessVitality_neighborStd": 0.5676806962788675, "constraint_neighborStd": 0.044252484455489696}