{"degree": 23.89134808853119, "eigenvectorCentrality": 0.03216889674017462, "betweennessCentrality": 0.002610400100177474, "closenessCentrality": 0.4428601371369611, "harmonicCentrality": 232.66733735747866, "componentSize": 1.0, "pagerank": 0.002012072434607646, "coreNumber": 12.796780684104627, "onionLayer": 29.849094567404425, "effectiveSize": 19.312145897482186, "nodeCliqueNumber": 5.422535211267606, "numberOfCliques": 73.60160965794769, "clustering": 0.22296981613222505, "squareClustering": 0.11587837839667124, "closenessVitality": 0.935613682092555, "constraint": 0.12287668537501491, "degree_neighborMean": 60.1696144482267, "eigenvectorCentrality_neighborMean": 0.06965978736862921, "betweennessCentrality_neighborMean": 0.01331394996941181, "closenessCentrality_neighborMean": 0.4918324150290297, "harmonicCentrality_neighborMean": 263.22348494736815, "componentSize_neighborMean": 1.0, "pagerank_neighborMean": 0.00470783096165205, "coreNumber_neighborMean": 17.375910500057827, "onionLayer_neighborMean": 49.59958019461603, "effectiveSize_neighborMean": 51.43229283484131, "nodeCliqueNumber_neighborMean": 7.618166455635796, "numberOfCliques_neighborMean": 332.881009434527, "clustering_neighborMean": 0.18100163712545625, "squareClustering_neighborMean": 0.10794786820758723, "closenessVitality_neighborMean": 0.6738804735972386, "constraint_neighborMean": 0.051272147178934774, "degree_neighborStd": 45.080334629945995, "eigenvectorCentrality_neighborStd": 0.04560814961619642, "betweennessCentrality_neighborStd": 0.017681400910768537, "closenessCentrality_neighborStd": 0.04969274332638788, "harmonicCentrality_neighborStd": 31.5923685188174, "componentSize_neighborStd": 0.0, "pagerank_neighborStd": 0.0033687076109040546, "coreNumber_neighborStd": 3.9025844628619226, "onionLayer_neighborStd": 18.931662297264594, "effectiveSize_neighborStd": 40.58984764427376, "nodeCliqueNumber_neighborStd": 2.6562069876015975, "numberOfCliques_neighborStd": 458.87021765237216, "clustering_neighborStd": 0.07395271064093654, "squareClustering_neighborStd": 0.02144411303344359, "closenessVitality_neighborStd": 0.597800405211113, "constraint_neighborStd": 0.040400722850956534}