{"degree": 20.327272727272728, "eigenvectorCentrality": 0.033367098783198004, "betweennessCentrality": 0.0027875473162117773, "closenessCentrality": 0.42645977744625335, "harmonicCentrality": 223.52404040404093, "componentSize": 1.0, "pagerank": 0.00202020202020202, "coreNumber": 10.983838383838384, "onionLayer": 23.52929292929293, "effectiveSize": 17.30928099078322, "nodeCliqueNumber": 4.313131313131313, "numberOfCliques": 36.67474747474748, "clustering": 0.19131505876852123, "squareClustering": 0.09429408331609408, "closenessVitality": 0.9474747474747475, "constraint": 0.11974217955005866, "degree_neighborMean": 47.13359837362486, "eigenvectorCentrality_neighborMean": 0.06797650284000553, "betweennessCentrality_neighborMean": 0.012059273134063672, "closenessCentrality_neighborMean": 0.47194160892916814, "harmonicCentrality_neighborMean": 250.71024767591175, "componentSize_neighborMean": 1.0, "pagerank_neighborMean": 0.004355120494428977, "coreNumber_neighborMean": 14.36881681441067, "onionLayer_neighborMean": 37.74945470424838, "effectiveSize_neighborMean": 41.72809263699864, "nodeCliqueNumber_neighborMean": 5.315215737038918, "numberOfCliques_neighborMean": 126.19545316601027, "clustering_neighborMean": 0.14788258326453396, "squareClustering_neighborMean": 0.08369872331821701, "closenessVitality_neighborMean": 0.6895929899790608, "constraint_neighborMean": 0.0546744601612213, "degree_neighborStd": 34.03304034471966, "eigenvectorCentrality_neighborStd": 0.04270182963642744, "betweennessCentrality_neighborStd": 0.015435822615582942, "closenessCentrality_neighborStd": 0.04849058060559476, "harmonicCentrality_neighborStd": 28.92119748903795, "componentSize_neighborStd": 0.0, "pagerank_neighborStd": 0.0029778956656723067, "coreNumber_neighborStd": 2.7793997968258384, "onionLayer_neighborStd": 13.363535536523505, "effectiveSize_neighborStd": 31.443674634426213, "nodeCliqueNumber_neighborStd": 1.154025524176136, "numberOfCliques_neighborStd": 140.65714587081024, "clustering_neighborStd": 0.06420555996235151, "squareClustering_neighborStd": 0.016774486872931586, "closenessVitality_neighborStd": 0.5903861534504207, "constraint_neighborStd": 0.040598893727091634}