{"degree": 22.869739478957914, "eigenvectorCentrality": 0.03355342543943846, "betweennessCentrality": 0.002649566342368543, "closenessCentrality": 0.43728238297948674, "harmonicCentrality": 230.77568470273934, "componentSize": 1.0, "pagerank": 0.002004008016032064, "coreNumber": 12.402805611222444, "onionLayer": 27.789579158316634, "effectiveSize": 19.344373112618758, "nodeCliqueNumber": 4.4649298597194385, "numberOfCliques": 47.212424849699396, "clustering": 0.182703098974658, "squareClustering": 0.09748102240201979, "closenessVitality": 0.9599198396793587, "constraint": 0.10439530525567542, "degree_neighborMean": 51.10106113976283, "eigenvectorCentrality_neighborMean": 0.06524695731709383, "betweennessCentrality_neighborMean": 0.011474023577488272, "closenessCentrality_neighborMean": 0.4799268360390752, "harmonicCentrality_neighborMean": 257.0717182569859, "componentSize_neighborMean": 1.0, "pagerank_neighborMean": 0.004162132099016313, "coreNumber_neighborMean": 15.766577707260652, "onionLayer_neighborMean": 40.113200179446885, "effectiveSize_neighborMean": 45.20926647477434, "nodeCliqueNumber_neighborMean": 5.442628234752043, "numberOfCliques_neighborMean": 159.8826181871417, "clustering_neighborMean": 0.15142206456894872, "squareClustering_neighborMean": 0.09029099478953118, "closenessVitality_neighborMean": 0.7672246473820877, "constraint_neighborMean": 0.05097054062581245, "degree_neighborStd": 40.16213803950342, "eigenvectorCentrality_neighborStd": 0.043051798541747247, "betweennessCentrality_neighborStd": 0.017292774461324822, "closenessCentrality_neighborStd": 0.04744864550846739, "harmonicCentrality_neighborStd": 29.77348857091058, "componentSize_neighborStd": 0.0, "pagerank_neighborStd": 0.0030881387833675057, "coreNumber_neighborStd": 3.0288620839956937, "onionLayer_neighborStd": 11.971313010513947, "effectiveSize_neighborStd": 37.58762903552541, "nodeCliqueNumber_neighborStd": 1.3065975248703894, "numberOfCliques_neighborStd": 222.59527248704276, "clustering_neighborStd": 0.06584821516084076, "squareClustering_neighborStd": 0.01690569157012943, "closenessVitality_neighborStd": 0.5040282470557943, "constraint_neighborStd": 0.03810774508279838}