{"degree": 21.731462925851705, "eigenvectorCentrality": 0.03135653562764292, "betweennessCentrality": 0.002746517495003096, "closenessCentrality": 0.4293523522284315, "harmonicCentrality": 227.02538410153693, "componentSize": 1.0, "pagerank": 0.002004008016032064, "coreNumber": 11.59318637274549, "onionLayer": 28.77755511022044, "effectiveSize": 17.700796340091113, "nodeCliqueNumber": 5.054108216432866, "numberOfCliques": 64.51703406813627, "clustering": 0.20479769545282805, "squareClustering": 0.09947799313215973, "closenessVitality": 0.9478957915831691, "constraint": 0.11416873368829951, "degree_neighborMean": 49.743100853395404, "eigenvectorCentrality_neighborMean": 0.06572472703825513, "betweennessCentrality_neighborMean": 0.01157294902929929, "closenessCentrality_neighborMean": 0.47454397161240874, "harmonicCentrality_neighborMean": 254.25671667027808, "componentSize_neighborMean": 1.0, "pagerank_neighborMean": 0.004216184094378894, "coreNumber_neighborMean": 15.250342155303674, "onionLayer_neighborMean": 43.757628755132856, "effectiveSize_neighborMean": 42.045721242166, "nodeCliqueNumber_neighborMean": 6.925655028121913, "numberOfCliques_neighborMean": 266.9260756811128, "clustering_neighborMean": 0.18044021591642484, "squareClustering_neighborMean": 0.0959036762517453, "closenessVitality_neighborMean": 0.7087250966391764, "constraint_neighborMean": 0.0581339049161167, "degree_neighborStd": 40.76608798883931, "eigenvectorCentrality_neighborStd": 0.048076527043776664, "betweennessCentrality_neighborStd": 0.01687740294639842, "closenessCentrality_neighborStd": 0.05225251427468989, "harmonicCentrality_neighborStd": 32.09544610574175, "componentSize_neighborStd": 0.0, "pagerank_neighborStd": 0.003211968971679669, "coreNumber_neighborStd": 3.6833122098373003, "onionLayer_neighborStd": 16.232801101455248, "effectiveSize_neighborStd": 36.20594280019399, "nodeCliqueNumber_neighborStd": 2.4344039620230493, "numberOfCliques_neighborStd": 379.906826477986, "clustering_neighborStd": 0.06930866089893586, "squareClustering_neighborStd": 0.019348733598159418, "closenessVitality_neighborStd": 0.5855210048115739, "constraint_neighborStd": 0.04163395387433211}