{"degree": 24.504, "eigenvectorCentrality": 0.032685455361386846, "betweennessCentrality": 0.0024836178380858104, "closenessCentrality": 0.4527011318570557, "harmonicCentrality": 238.19800000000046, "componentSize": 1.0, "pagerank": 0.002, "coreNumber": 13.01, "onionLayer": 29.014, "effectiveSize": 19.443699942909774, "nodeCliqueNumber": 5.616, "numberOfCliques": 72.976, "clustering": 0.24365758734611506, "squareClustering": 0.1093736418451562, "closenessVitality": 0.952, "constraint": 0.09976361926941517, "degree_neighborMean": 61.21069050768601, "eigenvectorCentrality_neighborMean": 0.07003486913847687, "betweennessCentrality_neighborMean": 0.013735272941065626, "closenessCentrality_neighborMean": 0.5008521197516255, "harmonicCentrality_neighborMean": 267.6862596280894, "componentSize_neighborMean": 1.0, "pagerank_neighborMean": 0.004603995507318983, "coreNumber_neighborMean": 16.46871958977988, "onionLayer_neighborMean": 45.202220387369174, "effectiveSize_neighborMean": 51.933549999561265, "nodeCliqueNumber_neighborMean": 7.375587720651072, "numberOfCliques_neighborMean": 373.01821287946063, "clustering_neighborMean": 0.20199987443659057, "squareClustering_neighborMean": 0.10229777667331531, "closenessVitality_neighborMean": 0.6868803766218881, "constraint_neighborMean": 0.04992818450473696, "degree_neighborStd": 55.49178475087798, "eigenvectorCentrality_neighborStd": 0.0525125796687889, "betweennessCentrality_neighborStd": 0.022841477987025106, "closenessCentrality_neighborStd": 0.057029134186200224, "harmonicCentrality_neighborStd": 36.16562034545161, "componentSize_neighborStd": 0.0, "pagerank_neighborStd": 0.003960265711173288, "coreNumber_neighborStd": 3.2130421685549546, "onionLayer_neighborStd": 16.982596702838173, "effectiveSize_neighborStd": 50.480856007907725, "nodeCliqueNumber_neighborStd": 2.0528522088223617, "numberOfCliques_neighborStd": 610.2532683477581, "clustering_neighborStd": 0.07863544535399754, "squareClustering_neighborStd": 0.01876964602004604, "closenessVitality_neighborStd": 0.6235968599947066, "constraint_neighborStd": 0.035804356915121426}