{"degree": 19.542168674698797, "eigenvectorCentrality": 0.03460073849824251, "betweennessCentrality": 0.002607333338025301, "closenessCentrality": 0.4412919393317359, "harmonicCentrality": 231.02376171352117, "componentSize": 1.0, "pagerank": 0.002008032128514056, "coreNumber": 10.634538152610443, "onionLayer": 22.811244979919678, "effectiveSize": 16.78292366142675, "nodeCliqueNumber": 4.062248995983936, "numberOfCliques": 30.518072289156628, "clustering": 0.17869677415035015, "squareClustering": 0.09694350595564606, "closenessVitality": 0.963855421686747, "constraint": 0.1031197735553259, "degree_neighborMean": 57.44409984354441, "eigenvectorCentrality_neighborMean": 0.07536523377179352, "betweennessCentrality_neighborMean": 0.019383731036699305, "closenessCentrality_neighborMean": 0.48720521273591233, "harmonicCentrality_neighborMean": 259.9778086344205, "componentSize_neighborMean": 1.0, "pagerank_neighborMean": 0.005432485983596878, "coreNumber_neighborMean": 12.480840362950856, "onionLayer_neighborMean": 31.001876110990963, "effectiveSize_neighborMean": 53.0873642967812, "nodeCliqueNumber_neighborMean": 4.659433357901491, "numberOfCliques_neighborMean": 139.72528697658174, "clustering_neighborMean": 0.13720439048409527, "squareClustering_neighborMean": 0.08620452695809078, "closenessVitality_neighborMean": 0.622813935839868, "constraint_neighborMean": 0.057380216724739176, "degree_neighborStd": 57.943428017155796, "eigenvectorCentrality_neighborStd": 0.061024190973444824, "betweennessCentrality_neighborStd": 0.03248302521263747, "closenessCentrality_neighborStd": 0.06331122029453574, "harmonicCentrality_neighborStd": 39.10156145794651, "componentSize_neighborStd": 0.0, "pagerank_neighborStd": 0.005262039082403858, "coreNumber_neighborStd": 1.9601799646856974, "onionLayer_neighborStd": 9.156806641153349, "effectiveSize_neighborStd": 56.01758465965918, "nodeCliqueNumber_neighborStd": 0.9179094074271361, "numberOfCliques_neighborStd": 190.5491923707179, "clustering_neighborStd": 0.07546155855190059, "squareClustering_neighborStd": 0.02052084267190988, "closenessVitality_neighborStd": 0.6556580059776212, "constraint_neighborStd": 0.038919292113228754}