{"degree": 4.123552123552123, "eigenvectorCentrality": 0.04119711411747322, "betweennessCentrality": 0.00507801258864511, "closenessCentrality": 0.4383346183371227, "harmonicCentrality": 117.25740025740012, "componentSize": 1.0, "pagerank": 0.003861003861003861, "coreNumber": 2.277992277992278, "onionLayer": 2.3204633204633205, "effectiveSize": 2.957164853792858, "nodeCliqueNumber": 3.2625482625482625, "numberOfCliques": 2.9343629343629343, "clustering": 0.4880320835039984, "squareClustering": 0.09876710066314705, "closenessVitality": 0.9459459459459459, "constraint": 0.6887707398966885, "degree_neighborMean": 118.25363612923354, "eigenvectorCentrality_neighborMean": 0.3410560674277545, "betweennessCentrality_neighborMean": 0.3802382570685929, "closenessCentrality_neighborMean": 0.6590263183563031, "harmonicCentrality_neighborMean": 187.8212380824676, "componentSize_neighborMean": 1.0, "pagerank_neighborMean": 0.10918689808156568, "coreNumber_neighborMean": 9.81573365200705, "onionLayer_neighborMean": 10.773120702252893, "effectiveSize_neighborMean": 114.2353581901199, "nodeCliqueNumber_neighborMean": 10.798799347940824, "numberOfCliques_neighborMean": 112.07662318338747, "clustering_neighborMean": 0.09780582990184465, "squareClustering_neighborMean": 0.07090512000755812, "closenessVitality_neighborMean": -0.7514822683547157, "constraint_neighborMean": 0.06958566887532301, "degree_neighborStd": 24.492711531027123, "eigenvectorCentrality_neighborStd": 0.04577131226056109, "betweennessCentrality_neighborStd": 0.0997353146161158, "closenessCentrality_neighborStd": 0.037370733129356716, "harmonicCentrality_neighborStd": 12.454249279401946, "componentSize_neighborStd": 0.0, "pagerank_neighborStd": 0.024122050484244217, "coreNumber_neighborStd": 0.13575488640688296, "onionLayer_neighborStd": 0.16906656328272737, "effectiveSize_neighborStd": 25.206151815471184, "nodeCliqueNumber_neighborStd": 0.15181864474487486, "numberOfCliques_neighborStd": 24.662571670807893, "clustering_neighborStd": 0.05840931468547231, "squareClustering_neighborStd": 0.010775363390446808, "closenessVitality_neighborStd": 0.2425619975969289, "constraint_neighborStd": 0.024627701280911747}