{"degree": 23.490981963927855, "eigenvectorCentrality": 0.03282237771119886, "betweennessCentrality": 0.0024424014692010377, "closenessCentrality": 0.4582525006848196, "harmonicCentrality": 239.40895123580532, "componentSize": 1.0, "pagerank": 0.002004008016032064, "coreNumber": 12.486973947895791, "onionLayer": 25.370741482965933, "effectiveSize": 17.894334916248305, "nodeCliqueNumber": 5.971943887775551, "numberOfCliques": 72.27855711422846, "clustering": 0.33191172078067127, "squareClustering": 0.1550128171777288, "closenessVitality": 0.9759519038076152, "constraint": 0.11304699353174372, "degree_neighborMean": 87.97350089549475, "eigenvectorCentrality_neighborMean": 0.08659936581766961, "betweennessCentrality_neighborMean": 0.023940323012451123, "closenessCentrality_neighborMean": 0.5254229290212475, "harmonicCentrality_neighborMean": 282.3908711585191, "componentSize_neighborMean": 1.0, "pagerank_neighborMean": 0.006934066782968654, "coreNumber_neighborMean": 17.235783946841405, "onionLayer_neighborMean": 43.55928654105305, "effectiveSize_neighborMean": 77.22429912617535, "nodeCliqueNumber_neighborMean": 8.189594139195192, "numberOfCliques_neighborMean": 602.5045005983152, "clustering_neighborMean": 0.20729458275075519, "squareClustering_neighborMean": 0.12241176125027534, "closenessVitality_neighborMean": 0.7290956091312478, "constraint_neighborMean": 0.0478840761849486, "degree_neighborStd": 73.62315908601992, "eigenvectorCentrality_neighborStd": 0.05724605934100596, "betweennessCentrality_neighborStd": 0.03626880119665686, "closenessCentrality_neighborStd": 0.07160889500671341, "harmonicCentrality_neighborStd": 44.40326453320919, "componentSize_neighborStd": 0.0, "pagerank_neighborStd": 0.0057500188328877795, "coreNumber_neighborStd": 3.2942905985333626, "onionLayer_neighborStd": 13.811623535819257, "effectiveSize_neighborStd": 69.45786642729574, "nodeCliqueNumber_neighborStd": 2.2273678142269593, "numberOfCliques_neighborStd": 879.20193191549, "clustering_neighborStd": 0.11032182390048033, "squareClustering_neighborStd": 0.02582561627913143, "closenessVitality_neighborStd": 0.5495629175718778, "constraint_neighborStd": 0.03525490824142061}