{"degree": 39.348, "eigenvectorCentrality": 0.034245844630442515, "betweennessCentrality": 0.0020658022873055355, "closenessCentrality": 0.4968328738084032, "harmonicCentrality": 260.23000000000025, "componentSize": 1.0, "pagerank": 0.002, "coreNumber": 21.082, "onionLayer": 44.482, "effectiveSize": 28.24755109033701, "nodeCliqueNumber": 8.91, "numberOfCliques": 437.926, "clustering": 0.34002650019724573, "squareClustering": 0.16066222338119293, "closenessVitality": 0.98, "constraint": 0.06252014587181542, "degree_neighborMean": 91.63233217766857, "eigenvectorCentrality_neighborMean": 0.06861094418439674, "betweennessCentrality_neighborMean": 0.010132422120221399, "closenessCentrality_neighborMean": 0.5443183615820697, "harmonicCentrality_neighborMean": 291.78037630163016, "componentSize_neighborMean": 1.0, "pagerank_neighborMean": 0.004334073557691966, "coreNumber_neighborMean": 26.8062314086747, "onionLayer_neighborMean": 68.14787648029538, "effectiveSize_neighborMean": 72.3880420901865, "nodeCliqueNumber_neighborMean": 12.253961288949167, "numberOfCliques_neighborMean": 2071.1429588926085, "clustering_neighborMean": 0.26958888668164743, "squareClustering_neighborMean": 0.1452286888074503, "closenessVitality_neighborMean": 0.8318561147754115, "constraint_neighborMean": 0.03294501055102715, "degree_neighborStd": 70.1623052621942, "eigenvectorCentrality_neighborStd": 0.04321529200293644, "betweennessCentrality_neighborStd": 0.01551840012096362, "closenessCentrality_neighborStd": 0.05680229793862493, "harmonicCentrality_neighborStd": 38.212070278208024, "componentSize_neighborStd": 0.0, "pagerank_neighborStd": 0.003155345998771107, "coreNumber_neighborStd": 5.082573196361146, "onionLayer_neighborStd": 22.441589171359766, "effectiveSize_neighborStd": 61.58238350098059, "nodeCliqueNumber_neighborStd": 3.7886794630116265, "numberOfCliques_neighborStd": 3203.659435339212, "clustering_neighborStd": 0.09348726688522152, "squareClustering_neighborStd": 0.025554034759037003, "closenessVitality_neighborStd": 0.4903998555166933, "constraint_neighborStd": 0.021802912914812175}