{"degree": 25.768, "eigenvectorCentrality": 0.03428743408144492, "betweennessCentrality": 0.0021718778923308472, "closenessCentrality": 0.48472875047797415, "harmonicCentrality": 251.46753333333353, "componentSize": 1.0, "pagerank": 0.002, "coreNumber": 13.718, "onionLayer": 28.696, "effectiveSize": 19.957977903126103, "nodeCliqueNumber": 5.83, "numberOfCliques": 77.35, "clustering": 0.3136882856043995, "squareClustering": 0.12410185047302567, "closenessVitality": 0.956, "constraint": 0.10310110526145401, "degree_neighborMean": 86.68422409628357, "eigenvectorCentrality_neighborMean": 0.08245875643198498, "betweennessCentrality_neighborMean": 0.026414934741174775, "closenessCentrality_neighborMean": 0.5392176870224238, "harmonicCentrality_neighborMean": 287.1817261321746, "componentSize_neighborMean": 1.0, "pagerank_neighborMean": 0.006274865705970994, "coreNumber_neighborMean": 17.618714049959564, "onionLayer_neighborMean": 47.304674126640705, "effectiveSize_neighborMean": 76.43718369042313, "nodeCliqueNumber_neighborMean": 7.507200992599768, "numberOfCliques_neighborMean": 597.5274614544738, "clustering_neighborMean": 0.20762383970468828, "squareClustering_neighborMean": 0.10659010346625791, "closenessVitality_neighborMean": 0.685275984525958, "constraint_neighborMean": 0.04628103347686788, "degree_neighborStd": 87.14823578106713, "eigenvectorCentrality_neighborStd": 0.062212281573391044, "betweennessCentrality_neighborStd": 0.06039541263020439, "closenessCentrality_neighborStd": 0.07911037229585434, "harmonicCentrality_neighborStd": 47.04144601676227, "componentSize_neighborStd": 0.0, "pagerank_neighborStd": 0.006290417296978967, "coreNumber_neighborStd": 3.006938312256133, "onionLayer_neighborStd": 15.99987266205006, "effectiveSize_neighborStd": 82.88164497416258, "nodeCliqueNumber_neighborStd": 1.8736828884927208, "numberOfCliques_neighborStd": 1125.385092222431, "clustering_neighborStd": 0.10168816015786372, "squareClustering_neighborStd": 0.019876004248873893, "closenessVitality_neighborStd": 0.6163164440568965, "constraint_neighborStd": 0.03400235489712412}