{"degree": 20.080160320641284, "eigenvectorCentrality": 0.03420101735781103, "betweennessCentrality": 0.0025977629788679693, "closenessCentrality": 0.442061202010263, "harmonicCentrality": 232.04856379425564, "componentSize": 1.0, "pagerank": 0.002004008016032064, "coreNumber": 10.741482965931864, "onionLayer": 27.012024048096194, "effectiveSize": 17.10411208553472, "nodeCliqueNumber": 4.156312625250501, "numberOfCliques": 35.49298597194389, "clustering": 0.1896325386000188, "squareClustering": 0.1011612719770119, "closenessVitality": 0.9559118236472945, "constraint": 0.11222716728578329, "degree_neighborMean": 59.79587117226049, "eigenvectorCentrality_neighborMean": 0.07621325572775826, "betweennessCentrality_neighborMean": 0.018672865473511893, "closenessCentrality_neighborMean": 0.4907650589271481, "harmonicCentrality_neighborMean": 262.8557967166097, "componentSize_neighborMean": 1.0, "pagerank_neighborMean": 0.005519544671257995, "coreNumber_neighborMean": 13.205917642463842, "onionLayer_neighborMean": 39.77991179006581, "effectiveSize_neighborMean": 54.80822350482947, "nodeCliqueNumber_neighborMean": 5.099297814647133, "numberOfCliques_neighborMean": 156.10665748980142, "clustering_neighborMean": 0.1394552943481645, "squareClustering_neighborMean": 0.08866920156101987, "closenessVitality_neighborMean": 0.636881680051037, "constraint_neighborMean": 0.05527393912667502, "degree_neighborStd": 54.69368220214498, "eigenvectorCentrality_neighborStd": 0.05519322341808578, "betweennessCentrality_neighborStd": 0.02921926694388854, "closenessCentrality_neighborStd": 0.05918741071529197, "harmonicCentrality_neighborStd": 37.129232974858624, "componentSize_neighborStd": 0.0, "pagerank_neighborStd": 0.004885737736949475, "coreNumber_neighborStd": 2.206840407276584, "onionLayer_neighborStd": 12.300565155179418, "effectiveSize_neighborStd": 52.700709099621335, "nodeCliqueNumber_neighborStd": 1.2002836883056118, "numberOfCliques_neighborStd": 201.85573391681837, "clustering_neighborStd": 0.07547174598519107, "squareClustering_neighborStd": 0.019120921159129497, "closenessVitality_neighborStd": 0.6668667017741396, "constraint_neighborStd": 0.04076759900636891}