{"degree": 17.776, "eigenvectorCentrality": 0.03315219260301893, "betweennessCentrality": 0.002680525710054648, "closenessCentrality": 0.43363303188464936, "harmonicCentrality": 227.93600000000046, "componentSize": 1.0, "pagerank": 0.002, "coreNumber": 9.456, "onionLayer": 23.746, "effectiveSize": 14.765371088014913, "nodeCliqueNumber": 4.344, "numberOfCliques": 28.818, "clustering": 0.2383344032123814, "squareClustering": 0.11308899149402263, "closenessVitality": 0.956, "constraint": 0.13940080129769905, "degree_neighborMean": 65.05207612275505, "eigenvectorCentrality_neighborMean": 0.08510924536178745, "betweennessCentrality_neighborMean": 0.023043751065142806, "closenessCentrality_neighborMean": 0.4909786054538622, "harmonicCentrality_neighborMean": 264.8415633443369, "componentSize_neighborMean": 1.0, "pagerank_neighborMean": 0.006737528850738348, "coreNumber_neighborMean": 12.277703569463835, "onionLayer_neighborMean": 42.368310460166356, "effectiveSize_neighborMean": 59.735880412852836, "nodeCliqueNumber_neighborMean": 5.885428525347551, "numberOfCliques_neighborMean": 150.13371242331334, "clustering_neighborMean": 0.1570108421770997, "squareClustering_neighborMean": 0.09603316623320668, "closenessVitality_neighborMean": 0.5217739633648778, "constraint_neighborMean": 0.05952651479470999, "degree_neighborStd": 55.28783423866062, "eigenvectorCentrality_neighborStd": 0.057871323282459156, "betweennessCentrality_neighborStd": 0.028524332064452415, "closenessCentrality_neighborStd": 0.05960983546532312, "harmonicCentrality_neighborStd": 38.30923013941695, "componentSize_neighborStd": 0.0, "pagerank_neighborStd": 0.0055785597435448675, "coreNumber_neighborStd": 2.128551042623185, "onionLayer_neighborStd": 16.431254655386272, "effectiveSize_neighborStd": 53.51056327082607, "nodeCliqueNumber_neighborStd": 1.733523186342947, "numberOfCliques_neighborStd": 156.5213698184013, "clustering_neighborStd": 0.09088557759872838, "squareClustering_neighborStd": 0.021289089296059095, "closenessVitality_neighborStd": 0.6956107836531223, "constraint_neighborStd": 0.04565475409258352}