{"degree": 36.83534136546185, "eigenvectorCentrality": 0.033150213599341664, "betweennessCentrality": 0.002149117010653114, "closenessCentrality": 0.48923736447034055, "harmonicCentrality": 255.42603748326667, "componentSize": 1.0, "pagerank": 0.002008032128514056, "coreNumber": 20.30722891566265, "onionLayer": 37.738955823293175, "effectiveSize": 25.403549418350533, "nodeCliqueNumber": 8.718875502008032, "numberOfCliques": 670.285140562249, "clustering": 0.3913626080640243, "squareClustering": 0.17840103331259757, "closenessVitality": 0.987951807220638, "constraint": 0.08428195374314208, "degree_neighborMean": 95.59717173512398, "eigenvectorCentrality_neighborMean": 0.07317928927102094, "betweennessCentrality_neighborMean": 0.014201029723720265, "closenessCentrality_neighborMean": 0.5457130945026609, "harmonicCentrality_neighborMean": 292.0161639414958, "componentSize_neighborMean": 1.0, "pagerank_neighborMean": 0.004864733429902246, "coreNumber_neighborMean": 29.8268093483506, "onionLayer_neighborMean": 62.40233128243526, "effectiveSize_neighborMean": 73.80224962038896, "nodeCliqueNumber_neighborMean": 12.54422203576017, "numberOfCliques_neighborMean": 3792.8972654154163, "clustering_neighborMean": 0.29504960475873293, "squareClustering_neighborMean": 0.15894739978561656, "closenessVitality_neighborMean": 0.8741526474010138, "constraint_neighborMean": 0.03596107748917753, "degree_neighborStd": 72.06026983434533, "eigenvectorCentrality_neighborStd": 0.04283858398041559, "betweennessCentrality_neighborStd": 0.028827215594636586, "closenessCentrality_neighborStd": 0.06279558242527644, "harmonicCentrality_neighborStd": 39.58326696214763, "componentSize_neighborStd": 0.0, "pagerank_neighborStd": 0.003633715199910227, "coreNumber_neighborStd": 7.294396413916655, "onionLayer_neighborStd": 19.703115989698002, "effectiveSize_neighborStd": 63.508093292588185, "nodeCliqueNumber_neighborStd": 3.329768855319146, "numberOfCliques_neighborStd": 5908.761711149295, "clustering_neighborStd": 0.09853071453887817, "squareClustering_neighborStd": 0.025060688260300876, "closenessVitality_neighborStd": 0.3785128828724134, "constraint_neighborStd": 0.02695297482356314}