{"degree": 25.322645290581164, "eigenvectorCentrality": 0.030406769554675202, "betweennessCentrality": 0.002618895642002776, "closenessCentrality": 0.44088915624650354, "harmonicCentrality": 232.82444889779626, "componentSize": 1.0, "pagerank": 0.002004008016032064, "coreNumber": 13.67935871743487, "onionLayer": 27.420841683366735, "effectiveSize": 18.96879538589549, "nodeCliqueNumber": 6.551102204408818, "numberOfCliques": 179.76553106212424, "clustering": 0.2942830001622573, "squareClustering": 0.1484379951224444, "closenessVitality": 0.935871743486974, "constraint": 0.12750262725641712, "degree_neighborMean": 66.62121028021667, "eigenvectorCentrality_neighborMean": 0.07108768615570474, "betweennessCentrality_neighborMean": 0.012708923626395615, "closenessCentrality_neighborMean": 0.49925550824774517, "harmonicCentrality_neighborMean": 268.62362598503074, "componentSize_neighborMean": 1.0, "pagerank_neighborMean": 0.004880117366941122, "coreNumber_neighborMean": 21.09458674953915, "onionLayer_neighborMean": 49.148932647186584, "effectiveSize_neighborMean": 53.19031417307276, "nodeCliqueNumber_neighborMean": 10.210425797427307, "numberOfCliques_neighborMean": 865.5953987845373, "clustering_neighborMean": 0.2350656170602086, "squareClustering_neighborMean": 0.13580213681505834, "closenessVitality_neighborMean": 0.6718365165384753, "constraint_neighborMean": 0.04816392891908595, "degree_neighborStd": 43.54757162937002, "eigenvectorCentrality_neighborStd": 0.042970707095562784, "betweennessCentrality_neighborStd": 0.014762869372283393, "closenessCentrality_neighborStd": 0.051286155181577725, "harmonicCentrality_neighborStd": 31.89385268047854, "componentSize_neighborStd": 0.0, "pagerank_neighborStd": 0.003054521595648313, "coreNumber_neighborStd": 5.562692005320245, "onionLayer_neighborStd": 17.37592525251252, "effectiveSize_neighborStd": 37.008507626220556, "nodeCliqueNumber_neighborStd": 3.6368927615518833, "numberOfCliques_neighborStd": 1110.3320016824387, "clustering_neighborStd": 0.08594897890704575, "squareClustering_neighborStd": 0.02881508290900212, "closenessVitality_neighborStd": 0.5841522682811741, "constraint_neighborStd": 0.039622734425704874}