{"degree": 18.504, "eigenvectorCentrality": 0.03164703647109179, "betweennessCentrality": 0.002797627383280617, "closenessCentrality": 0.4236669866651337, "harmonicCentrality": 224.0882000000006, "componentSize": 1.0, "pagerank": 0.002, "coreNumber": 9.872, "onionLayer": 20.656, "effectiveSize": 15.647451787998822, "nodeCliqueNumber": 4.438, "numberOfCliques": 32.692, "clustering": 0.2096951706148564, "squareClustering": 0.12113073071502115, "closenessVitality": 0.948, "constraint": 0.13324221243697348, "degree_neighborMean": 54.899282745424664, "eigenvectorCentrality_neighborMean": 0.07592598320445054, "betweennessCentrality_neighborMean": 0.01769173700475575, "closenessCentrality_neighborMean": 0.47362082046967413, "harmonicCentrality_neighborMean": 255.61347996737717, "componentSize_neighborMean": 1.0, "pagerank_neighborMean": 0.005464747351865925, "coreNumber_neighborMean": 13.316785917997052, "onionLayer_neighborMean": 36.33254901870206, "effectiveSize_neighborMean": 49.40069528282223, "nodeCliqueNumber_neighborMean": 6.112330765558376, "numberOfCliques_neighborMean": 154.52431743612104, "clustering_neighborMean": 0.14902213097872546, "squareClustering_neighborMean": 0.10551475624588431, "closenessVitality_neighborMean": 0.6099319167023737, "constraint_neighborMean": 0.06044107446537127, "degree_neighborStd": 41.809323838058056, "eigenvectorCentrality_neighborStd": 0.0500839946436283, "betweennessCentrality_neighborStd": 0.023160646212266125, "closenessCentrality_neighborStd": 0.053050383147721265, "harmonicCentrality_neighborStd": 32.95610339996604, "componentSize_neighborStd": 0.0, "pagerank_neighborStd": 0.004029578566392128, "coreNumber_neighborStd": 2.740692847434251, "onionLayer_neighborStd": 13.889707640519227, "effectiveSize_neighborStd": 39.211320908326414, "nodeCliqueNumber_neighborStd": 1.843599012445941, "numberOfCliques_neighborStd": 180.88862182822044, "clustering_neighborStd": 0.07853266305083517, "squareClustering_neighborStd": 0.02619365093958094, "closenessVitality_neighborStd": 0.6659485467468551, "constraint_neighborStd": 0.04372585192617901}