{"degree": 16.931726907630523, "eigenvectorCentrality": 0.03079477600148925, "betweennessCentrality": 0.003085327615387884, "closenessCentrality": 0.40082486340454554, "harmonicCentrality": 212.16419009370887, "componentSize": 1.0, "pagerank": 0.0020080321285140556, "coreNumber": 8.937751004016064, "onionLayer": 26.51004016064257, "effectiveSize": 14.515717177592789, "nodeCliqueNumber": 4.192771084337349, "numberOfCliques": 26.32128514056225, "clustering": 0.16020155467234662, "squareClustering": 0.10611397485940376, "closenessVitality": 0.9151839240079434, "constraint": 0.1516358996006784, "degree_neighborMean": 43.57018811657439, "eigenvectorCentrality_neighborMean": 0.06815454789175891, "betweennessCentrality_neighborMean": 0.015123958979026594, "closenessCentrality_neighborMean": 0.4447338919650556, "harmonicCentrality_neighborMean": 240.04224823276036, "componentSize_neighborMean": 1.0, "pagerank_neighborMean": 0.004757805526438428, "coreNumber_neighborMean": 11.680230601388608, "onionLayer_neighborMean": 43.67427393841056, "effectiveSize_neighborMean": 39.109238665486494, "nodeCliqueNumber_neighborMean": 5.588370959588791, "numberOfCliques_neighborMean": 96.15947615449808, "clustering_neighborMean": 0.13186430591298226, "squareClustering_neighborMean": 0.0947015719813684, "closenessVitality_neighborMean": 0.5631843665446137, "constraint_neighborMean": 0.0656203137352913, "degree_neighborStd": 31.927493310855702, "eigenvectorCentrality_neighborStd": 0.04505602914518572, "betweennessCentrality_neighborStd": 0.018230284720198334, "closenessCentrality_neighborStd": 0.04746211123495541, "harmonicCentrality_neighborStd": 29.609674931671783, "componentSize_neighborStd": 0.0, "pagerank_neighborStd": 0.003305282310228966, "coreNumber_neighborStd": 2.3115412950104903, "onionLayer_neighborStd": 16.342028395202824, "effectiveSize_neighborStd": 29.956147338734144, "nodeCliqueNumber_neighborStd": 1.7098208670330692, "numberOfCliques_neighborStd": 105.29825841821926, "clustering_neighborStd": 0.073874816606968, "squareClustering_neighborStd": 0.02532343186012452, "closenessVitality_neighborStd": 0.6519515987562242, "constraint_neighborStd": 0.04899685202687527}