{"degree": 23.09819639278557, "eigenvectorCentrality": 0.03421709496259247, "betweennessCentrality": 0.0022362567935641795, "closenessCentrality": 0.4778157622271286, "harmonicCentrality": 247.49632598530422, "componentSize": 1.0, "pagerank": 0.002004008016032064, "coreNumber": 12.178356713426854, "onionLayer": 25.743486973947896, "effectiveSize": 17.845096393711074, "nodeCliqueNumber": 6.020040080160321, "numberOfCliques": 49.99198396793587, "clustering": 0.31661506784017246, "squareClustering": 0.13548636034856562, "closenessVitality": 0.9719438877755511, "constraint": 0.09629388752739458, "degree_neighborMean": 90.71970951299613, "eigenvectorCentrality_neighborMean": 0.08852580575724663, "betweennessCentrality_neighborMean": 0.0256327092166315, "closenessCentrality_neighborMean": 0.5392499821490975, "harmonicCentrality_neighborMean": 287.9000238626298, "componentSize_neighborMean": 1.0, "pagerank_neighborMean": 0.00724082861204338, "coreNumber_neighborMean": 14.647844757746752, "onionLayer_neighborMean": 39.86704840108797, "effectiveSize_neighborMean": 81.41023444887514, "nodeCliqueNumber_neighborMean": 8.14751023173322, "numberOfCliques_neighborMean": 423.67512621348914, "clustering_neighborMean": 0.20358995307530156, "squareClustering_neighborMean": 0.11173981961144158, "closenessVitality_neighborMean": 0.6116096308765886, "constraint_neighborMean": 0.04953923910878244, "degree_neighborStd": 88.15788127331767, "eigenvectorCentrality_neighborStd": 0.06768969584069524, "betweennessCentrality_neighborStd": 0.043442786966444547, "closenessCentrality_neighborStd": 0.07642455133214143, "harmonicCentrality_neighborStd": 48.98642473486214, "componentSize_neighborStd": 0.0, "pagerank_neighborStd": 0.006889916094215537, "coreNumber_neighborStd": 2.0746124300894655, "onionLayer_neighborStd": 12.592176509834001, "effectiveSize_neighborStd": 83.9467544434184, "nodeCliqueNumber_neighborStd": 2.4940038736548376, "numberOfCliques_neighborStd": 679.2110828695654, "clustering_neighborStd": 0.1195034146805617, "squareClustering_neighborStd": 0.025384611752708855, "closenessVitality_neighborStd": 0.7293959436150004, "constraint_neighborStd": 0.03479960458680837}