{"degree": 19.795591182364728, "eigenvectorCentrality": 0.0334723619495485, "betweennessCentrality": 0.002841881673701091, "closenessCentrality": 0.41989992261856945, "harmonicCentrality": 222.40708082832387, "componentSize": 1.0, "pagerank": 0.002004008016032064, "coreNumber": 10.667334669338677, "onionLayer": 26.76753507014028, "effectiveSize": 17.378430537011347, "nodeCliqueNumber": 3.973947895791583, "numberOfCliques": 30.509018036072145, "clustering": 0.14185725516070988, "squareClustering": 0.0709118236956708, "closenessVitality": 0.9438877755511023, "constraint": 0.11605093914600945, "degree_neighborMean": 38.50835936650366, "eigenvectorCentrality_neighborMean": 0.06043088312534981, "betweennessCentrality_neighborMean": 0.010092154275078447, "closenessCentrality_neighborMean": 0.45571592693785173, "harmonicCentrality_neighborMean": 243.85423952711557, "componentSize_neighborMean": 1.0, "pagerank_neighborMean": 0.0036384591956557044, "coreNumber_neighborMean": 12.914450529874946, "onionLayer_neighborMean": 40.063630938500765, "effectiveSize_neighborMean": 34.611107494162056, "nodeCliqueNumber_neighborMean": 4.68380735102157, "numberOfCliques_neighborMean": 83.98481080691718, "clustering_neighborMean": 0.1219621094708231, "squareClustering_neighborMean": 0.0682554860062492, "closenessVitality_neighborMean": 0.7680644059539892, "constraint_neighborMean": 0.05863742686787602, "degree_neighborStd": 30.241205376766924, "eigenvectorCentrality_neighborStd": 0.04246926995720411, "betweennessCentrality_neighborStd": 0.01618664545166615, "closenessCentrality_neighborStd": 0.04521022523199674, "harmonicCentrality_neighborStd": 27.114412610230573, "componentSize_neighborStd": 0.0, "pagerank_neighborStd": 0.0026379287324307652, "coreNumber_neighborStd": 2.240156512999955, "onionLayer_neighborStd": 16.1519286120258, "effectiveSize_neighborStd": 28.216401558226984, "nodeCliqueNumber_neighborStd": 1.1103247917463477, "numberOfCliques_neighborStd": 112.22643696513816, "clustering_neighborStd": 0.05481325086771029, "squareClustering_neighborStd": 0.013072106700262851, "closenessVitality_neighborStd": 0.4990507855060018, "constraint_neighborStd": 0.04096852460313236}