{"degree": 17.751004016064257, "eigenvectorCentrality": 0.032400554728634526, "betweennessCentrality": 0.0028504522405843275, "closenessCentrality": 0.4196762960785141, "harmonicCentrality": 220.97282463186139, "componentSize": 1.0, "pagerank": 0.002008032128514056, "coreNumber": 9.55421686746988, "onionLayer": 22.640562248995984, "effectiveSize": 15.354089517734579, "nodeCliqueNumber": 4.004016064257028, "numberOfCliques": 27.259036144578314, "clustering": 0.16380238465019775, "squareClustering": 0.08495685607579899, "closenessVitality": 0.947791164658614, "constraint": 0.1311374986416751, "degree_neighborMean": 45.32417622293994, "eigenvectorCentrality_neighborMean": 0.06967785122213527, "betweennessCentrality_neighborMean": 0.01678103956738687, "closenessCentrality_neighborMean": 0.4632775715922158, "harmonicCentrality_neighborMean": 247.7547481091056, "componentSize_neighborMean": 1.0, "pagerank_neighborMean": 0.004735724828483514, "coreNumber_neighborMean": 12.257544750908671, "onionLayer_neighborMean": 35.456729092558525, "effectiveSize_neighborMean": 41.001122275317165, "nodeCliqueNumber_neighborMean": 5.004914793144824, "numberOfCliques_neighborMean": 115.44694995391048, "clustering_neighborMean": 0.13108864046328322, "squareClustering_neighborMean": 0.0785825994269994, "closenessVitality_neighborMean": 0.6728687734389771, "constraint_neighborMean": 0.06377407634857656, "degree_neighborStd": 41.8255326464145, "eigenvectorCentrality_neighborStd": 0.05410668474213922, "betweennessCentrality_neighborStd": 0.028064136747739003, "closenessCentrality_neighborStd": 0.05406825974119116, "harmonicCentrality_neighborStd": 33.25462394522161, "componentSize_neighborStd": 0.0, "pagerank_neighborStd": 0.0041615772481805235, "coreNumber_neighborStd": 2.5124382264379896, "onionLayer_neighborStd": 13.332904907483819, "effectiveSize_neighborStd": 39.527902192927755, "nodeCliqueNumber_neighborStd": 1.2937233123944414, "numberOfCliques_neighborStd": 171.76612207863377, "clustering_neighborStd": 0.06725689122227295, "squareClustering_neighborStd": 0.018046272285257615, "closenessVitality_neighborStd": 0.6145513537336432, "constraint_neighborStd": 0.047339231513949136}