{"degree": 21.136, "eigenvectorCentrality": 0.03314257521504472, "betweennessCentrality": 0.0024534369944708696, "closenessCentrality": 0.45577238036126855, "harmonicCentrality": 238.39100000000036, "componentSize": 1.0, "pagerank": 0.002, "coreNumber": 11.126, "onionLayer": 28.518, "effectiveSize": 16.663888897211457, "nodeCliqueNumber": 5.488, "numberOfCliques": 47.7, "clustering": 0.2776024572688079, "squareClustering": 0.11241210087443386, "closenessVitality": 0.96, "constraint": 0.11751754881632985, "degree_neighborMean": 70.46488302369005, "eigenvectorCentrality_neighborMean": 0.08041319069883063, "betweennessCentrality_neighborMean": 0.023454655768065685, "closenessCentrality_neighborMean": 0.5099669022411522, "harmonicCentrality_neighborMean": 272.96031844325125, "componentSize_neighborMean": 1.0, "pagerank_neighborMean": 0.006177144688225408, "coreNumber_neighborMean": 13.949763537844163, "onionLayer_neighborMean": 45.19656869223726, "effectiveSize_neighborMean": 62.47700465824257, "nodeCliqueNumber_neighborMean": 7.193227231187782, "numberOfCliques_neighborMean": 301.3909282542148, "clustering_neighborMean": 0.2017864519051371, "squareClustering_neighborMean": 0.09848906272166649, "closenessVitality_neighborMean": 0.6543848039363184, "constraint_neighborMean": 0.05683512094162832, "degree_neighborStd": 69.75318328423727, "eigenvectorCentrality_neighborStd": 0.06233690919077321, "betweennessCentrality_neighborStd": 0.03911165136832184, "closenessCentrality_neighborStd": 0.06634817259321084, "harmonicCentrality_neighborStd": 42.379051620077256, "componentSize_neighborStd": 0.0, "pagerank_neighborStd": 0.005998336497732067, "coreNumber_neighborStd": 2.4561696398657675, "onionLayer_neighborStd": 16.5960823928651, "effectiveSize_neighborStd": 66.07239602131432, "nodeCliqueNumber_neighborStd": 2.06683400125588, "numberOfCliques_neighborStd": 413.84291523260634, "clustering_neighborStd": 0.1024480126316529, "squareClustering_neighborStd": 0.020968801093045122, "closenessVitality_neighborStd": 0.6067392946775244, "constraint_neighborStd": 0.041484266917003555}