{"degree": 21.612903225806452, "eigenvectorCentrality": 0.03279423836246249, "betweennessCentrality": 0.0025006332094617317, "closenessCentrality": 0.4545518807808142, "harmonicCentrality": 235.75920698924764, "componentSize": 1.0, "pagerank": 0.0020161290322580645, "coreNumber": 11.514112903225806, "onionLayer": 24.608870967741936, "effectiveSize": 16.448798590917363, "nodeCliqueNumber": 5.758064516129032, "numberOfCliques": 54.03024193548387, "clustering": 0.34499430330413566, "squareClustering": 0.15653257890849337, "closenessVitality": 0.967741935483871, "constraint": 0.1390655789737722, "degree_neighborMean": 88.77332157879391, "eigenvectorCentrality_neighborMean": 0.09147334348980911, "betweennessCentrality_neighborMean": 0.031541418858804036, "closenessCentrality_neighborMean": 0.5268689754405188, "harmonicCentrality_neighborMean": 280.9469984990723, "componentSize_neighborMean": 1.0, "pagerank_neighborMean": 0.0076966773871065194, "coreNumber_neighborMean": 15.911329073090128, "onionLayer_neighborMean": 41.398996706867486, "effectiveSize_neighborMean": 78.72776941332009, "nodeCliqueNumber_neighborMean": 8.010055783472925, "numberOfCliques_neighborMean": 532.9048722399104, "clustering_neighborMean": 0.2143952299029557, "squareClustering_neighborMean": 0.12103980302249259, "closenessVitality_neighborMean": 0.6306343442585259, "constraint_neighborMean": 0.053367186740674484, "degree_neighborStd": 78.5953440403269, "eigenvectorCentrality_neighborStd": 0.06267422292965145, "betweennessCentrality_neighborStd": 0.05283621088361382, "closenessCentrality_neighborStd": 0.07749194671377284, "harmonicCentrality_neighborStd": 46.3284679869038, "componentSize_neighborStd": 0.0, "pagerank_neighborStd": 0.00682874868603562, "coreNumber_neighborStd": 2.8513015440410037, "onionLayer_neighborStd": 11.863277328013261, "effectiveSize_neighborStd": 74.7617553600688, "nodeCliqueNumber_neighborStd": 2.093226620659076, "numberOfCliques_neighborStd": 785.6703665272441, "clustering_neighborStd": 0.11146580246717513, "squareClustering_neighborStd": 0.025590062411385797, "closenessVitality_neighborStd": 0.5852658987813333, "constraint_neighborStd": 0.04009669365786861}