{"degree": 3.648960739030023, "eigenvectorCentrality": 0.0284531415267022, "betweennessCentrality": 0.003978882163109189, "closenessCentrality": 0.37638746356930936, "harmonicCentrality": 170.76520400307942, "componentSize": 1.0, "pagerank": 0.0023094688221709007, "coreNumber": 1.9861431870669746, "onionLayer": 3.348729792147806, "effectiveSize": 2.799158346680653, "nodeCliqueNumber": 2.8175519630484986, "numberOfCliques": 3.3394919168591226, "clustering": 0.3051375464978939, "squareClustering": 0.052380072390013147, "closenessVitality": 0.6443418013856813, "constraint": 0.708174945937164, "degree_neighborMean": 111.11726660883245, "eigenvectorCentrality_neighborMean": 0.24807492181161458, "betweennessCentrality_neighborMean": 0.2972654012475918, "closenessCentrality_neighborMean": 0.52133335606112, "harmonicCentrality_neighborMean": 252.06266373680972, "componentSize_neighborMean": 1.0, "pagerank_neighborMean": 0.0694922509573569, "coreNumber_neighborMean": 7.585059881681939, "onionLayer_neighborMean": 13.652524656151197, "effectiveSize_neighborMean": 108.39560926061391, "nodeCliqueNumber_neighborMean": 7.124526968482425, "numberOfCliques_neighborMean": 124.6793085952777, "clustering_neighborMean": 0.10425210241530784, "squareClustering_neighborMean": 0.042752990705080936, "closenessVitality_neighborMean": -0.6219486844036988, "constraint_neighborMean": 0.1894811330416724, "degree_neighborStd": 31.944100634205128, "eigenvectorCentrality_neighborStd": 0.060550345534204464, "betweennessCentrality_neighborStd": 0.10363306264771048, "closenessCentrality_neighborStd": 0.04620729587525515, "harmonicCentrality_neighborStd": 24.821457297226146, "componentSize_neighborStd": 0.0, "pagerank_neighborStd": 0.02041410206759896, "coreNumber_neighborStd": 1.065947839925052, "onionLayer_neighborStd": 1.9349509626150243, "effectiveSize_neighborStd": 31.985347370886714, "nodeCliqueNumber_neighborStd": 0.8365759784307988, "numberOfCliques_neighborStd": 36.30160477421171, "clustering_neighborStd": 0.0553392782761258, "squareClustering_neighborStd": 0.011012891128039458, "closenessVitality_neighborStd": 0.3533983774287466, "constraint_neighborStd": 0.09882305250424595}