{"degree": 20.352, "eigenvectorCentrality": 0.03423909678739523, "betweennessCentrality": 0.0024239161053029763, "closenessCentrality": 0.45867240365464657, "harmonicCentrality": 239.42720000000034, "componentSize": 1.0, "pagerank": 0.002, "coreNumber": 10.822, "onionLayer": 24.36, "effectiveSize": 16.393647233403765, "nodeCliqueNumber": 5.026, "numberOfCliques": 35.524, "clustering": 0.2638870134618481, "squareClustering": 0.10453176994030441, "closenessVitality": 0.948, "constraint": 0.11882287690612403, "degree_neighborMean": 72.36256349921675, "eigenvectorCentrality_neighborMean": 0.08382160172463061, "betweennessCentrality_neighborMean": 0.027415233039740007, "closenessCentrality_neighborMean": 0.5117726925699841, "harmonicCentrality_neighborMean": 273.5700049179041, "componentSize_neighborMean": 1.0, "pagerank_neighborMean": 0.006583336883092143, "coreNumber_neighborMean": 12.772370516338144, "onionLayer_neighborMean": 36.054227186561576, "effectiveSize_neighborMean": 65.76796692724142, "nodeCliqueNumber_neighborMean": 5.920746553981482, "numberOfCliques_neighborMean": 256.6412715445832, "clustering_neighborMean": 0.1857224581639465, "squareClustering_neighborMean": 0.09081096902110354, "closenessVitality_neighborMean": 0.5602050491882841, "constraint_neighborMean": 0.058887718448603917, "degree_neighborStd": 77.86567048324002, "eigenvectorCentrality_neighborStd": 0.07123666130736285, "betweennessCentrality_neighborStd": 0.047392609565251306, "closenessCentrality_neighborStd": 0.07333461278144285, "harmonicCentrality_neighborStd": 46.07159049855956, "componentSize_neighborStd": 0.0, "pagerank_neighborStd": 0.006948139042558484, "coreNumber_neighborStd": 1.77761916516011, "onionLayer_neighborStd": 12.078749450844501, "effectiveSize_neighborStd": 74.77887489908444, "nodeCliqueNumber_neighborStd": 1.2559670606798423, "numberOfCliques_neighborStd": 388.1807223983209, "clustering_neighborStd": 0.10408559524579085, "squareClustering_neighborStd": 0.01994978377394064, "closenessVitality_neighborStd": 0.6890768780848888, "constraint_neighborStd": 0.040394003532624366}