{"degree": 25.564, "eigenvectorCentrality": 0.035182542371779986, "betweennessCentrality": 0.002214565677539819, "closenessCentrality": 0.4796066954811763, "harmonicCentrality": 249.50600000000023, "componentSize": 1.0, "pagerank": 0.002, "coreNumber": 13.768, "onionLayer": 30.056, "effectiveSize": 20.381280628420317, "nodeCliqueNumber": 5.462, "numberOfCliques": 60.098, "clustering": 0.26121572420307054, "squareClustering": 0.10431947313671211, "closenessVitality": 0.98, "constraint": 0.08056717397511944, "degree_neighborMean": 73.04733241326855, "eigenvectorCentrality_neighborMean": 0.07543217936772591, "betweennessCentrality_neighborMean": 0.019509514132880695, "closenessCentrality_neighborMean": 0.5266840182931106, "harmonicCentrality_neighborMean": 279.26834642131683, "componentSize_neighborMean": 1.0, "pagerank_neighborMean": 0.005272716471782286, "coreNumber_neighborMean": 15.71642897892972, "onionLayer_neighborMean": 41.870274549831365, "effectiveSize_neighborMean": 64.77149303455683, "nodeCliqueNumber_neighborMean": 6.309943124072901, "numberOfCliques_neighborMean": 386.53101191438384, "clustering_neighborMean": 0.19768693328643155, "squareClustering_neighborMean": 0.0934013952164656, "closenessVitality_neighborMean": 0.7924541206378153, "constraint_neighborMean": 0.04692406285748411, "degree_neighborStd": 82.22287858339537, "eigenvectorCentrality_neighborStd": 0.06578102038642479, "betweennessCentrality_neighborStd": 0.039976791354283156, "closenessCentrality_neighborStd": 0.0722267728977847, "harmonicCentrality_neighborStd": 45.42670553353423, "componentSize_neighborStd": 0.0, "pagerank_neighborStd": 0.005706931086603445, "coreNumber_neighborStd": 1.9983361236714943, "onionLayer_neighborStd": 13.338054235649661, "effectiveSize_neighborStd": 78.05553793099074, "nodeCliqueNumber_neighborStd": 1.1587160595952246, "numberOfCliques_neighborStd": 718.9918636077953, "clustering_neighborStd": 0.09330972658430282, "squareClustering_neighborStd": 0.01722868430805232, "closenessVitality_neighborStd": 0.527211807539007, "constraint_neighborStd": 0.02935971375730187}