{"degree": 23.968, "eigenvectorCentrality": 0.03462408730631547, "betweennessCentrality": 0.0026904894125600594, "closenessCentrality": 0.43256514959899606, "harmonicCentrality": 229.81120000000053, "componentSize": 1.0, "pagerank": 0.002, "coreNumber": 12.984, "onionLayer": 30.508, "effectiveSize": 21.051371511221532, "nodeCliqueNumber": 4.286, "numberOfCliques": 40.462, "clustering": 0.1458167675018774, "squareClustering": 0.0944558585342227, "closenessVitality": 0.964, "constraint": 0.09729871220743999, "degree_neighborMean": 45.738142362399884, "eigenvectorCentrality_neighborMean": 0.06110741549759768, "betweennessCentrality_neighborMean": 0.008229300731382295, "closenessCentrality_neighborMean": 0.4684365097572432, "harmonicCentrality_neighborMean": 251.92529982792502, "componentSize_neighborMean": 1.0, "pagerank_neighborMean": 0.0035735503009475637, "coreNumber_neighborMean": 15.576832961519484, "onionLayer_neighborMean": 42.96093515384925, "effectiveSize_neighborMean": 41.04256288185495, "nodeCliqueNumber_neighborMean": 5.217630473574844, "numberOfCliques_neighborMean": 104.45341446962938, "clustering_neighborMean": 0.12017363007217298, "squareClustering_neighborMean": 0.08685901191459776, "closenessVitality_neighborMean": 0.8783448275740051, "constraint_neighborMean": 0.046562341577132765, "degree_neighborStd": 30.004127305284772, "eigenvectorCentrality_neighborStd": 0.0369981487691165, "betweennessCentrality_neighborStd": 0.009704584910556481, "closenessCentrality_neighborStd": 0.04127726177441601, "harmonicCentrality_neighborStd": 25.297274604074673, "componentSize_neighborStd": 0.0, "pagerank_neighborStd": 0.0021533317622938314, "coreNumber_neighborStd": 2.247193604278348, "onionLayer_neighborStd": 12.679302954461145, "effectiveSize_neighborStd": 27.707190075408793, "nodeCliqueNumber_neighborStd": 1.3800780909551909, "numberOfCliques_neighborStd": 121.22124136626394, "clustering_neighborStd": 0.05215786862841814, "squareClustering_neighborStd": 0.015750678610205113, "closenessVitality_neighborStd": 0.3069811007818465, "constraint_neighborStd": 0.03256120786323397}