{"degree": 21.644, "eigenvectorCentrality": 0.03418534087658257, "betweennessCentrality": 0.002394298637435514, "closenessCentrality": 0.46054337601321205, "harmonicCentrality": 240.83000000000035, "componentSize": 1.0, "pagerank": 0.002, "coreNumber": 11.432, "onionLayer": 29.074, "effectiveSize": 17.585174882472664, "nodeCliqueNumber": 4.8, "numberOfCliques": 42.57, "clustering": 0.2523299549890073, "squareClustering": 0.09796953616653067, "closenessVitality": 0.964, "constraint": 0.10257478922279557, "degree_neighborMean": 65.98693669674982, "eigenvectorCentrality_neighborMean": 0.07746408758552357, "betweennessCentrality_neighborMean": 0.02021805690488659, "closenessCentrality_neighborMean": 0.5083977816253605, "harmonicCentrality_neighborMean": 271.50012874811034, "componentSize_neighborMean": 1.0, "pagerank_neighborMean": 0.005642438665757046, "coreNumber_neighborMean": 13.623233683973826, "onionLayer_neighborMean": 45.89533696803077, "effectiveSize_neighborMean": 59.26779358768728, "nodeCliqueNumber_neighborMean": 5.732471389411077, "numberOfCliques_neighborMean": 239.64199466393026, "clustering_neighborMean": 0.18101194519217426, "squareClustering_neighborMean": 0.08701710651167296, "closenessVitality_neighborMean": 0.6638530095753229, "constraint_neighborMean": 0.053850335107245316, "degree_neighborStd": 67.07658331314205, "eigenvectorCentrality_neighborStd": 0.062236153483122565, "betweennessCentrality_neighborStd": 0.03493675941510061, "closenessCentrality_neighborStd": 0.06227781191214458, "harmonicCentrality_neighborStd": 40.361668116219896, "componentSize_neighborStd": 0.0, "pagerank_neighborStd": 0.005551251317597277, "coreNumber_neighborStd": 2.07157925365755, "onionLayer_neighborStd": 17.934184304967413, "effectiveSize_neighborStd": 63.999854231124424, "nodeCliqueNumber_neighborStd": 1.149757834930162, "numberOfCliques_neighborStd": 391.71759534794654, "clustering_neighborStd": 0.09095340857228855, "squareClustering_neighborStd": 0.016967863612464797, "closenessVitality_neighborStd": 0.6523090172260432, "constraint_neighborStd": 0.03762468002429677}