{"degree": 19.34268537074148, "eigenvectorCentrality": 0.03351131065256478, "betweennessCentrality": 0.0028107251649873975, "closenessCentrality": 0.422488542111349, "harmonicCentrality": 223.36666666666716, "componentSize": 1.0, "pagerank": 0.002004008016032064, "coreNumber": 10.38877755511022, "onionLayer": 27.5250501002004, "effectiveSize": 16.72203160865279, "nodeCliqueNumber": 4.192384769539078, "numberOfCliques": 29.158316633266534, "clustering": 0.16504235120986946, "squareClustering": 0.07646327024017036, "closenessVitality": 0.935871743486974, "constraint": 0.1134071138109672, "degree_neighborMean": 41.04836033086633, "eigenvectorCentrality_neighborMean": 0.06412440653003867, "betweennessCentrality_neighborMean": 0.01162382374270498, "closenessCentrality_neighborMean": 0.460398111915787, "harmonicCentrality_neighborMean": 246.17596001880796, "componentSize_neighborMean": 1.0, "pagerank_neighborMean": 0.003945090290368912, "coreNumber_neighborMean": 12.372298053481433, "onionLayer_neighborMean": 38.78364552453013, "effectiveSize_neighborMean": 36.696867394280176, "nodeCliqueNumber_neighborMean": 5.0254204745395565, "numberOfCliques_neighborMean": 92.9758185544572, "clustering_neighborMean": 0.13743318287606426, "squareClustering_neighborMean": 0.07126780352745923, "closenessVitality_neighborMean": 0.67175945690468, "constraint_neighborMean": 0.06168226276092998, "degree_neighborStd": 34.362545964305596, "eigenvectorCentrality_neighborStd": 0.047461589959584764, "betweennessCentrality_neighborStd": 0.018356889090734126, "closenessCentrality_neighborStd": 0.048909782844565125, "harmonicCentrality_neighborStd": 29.507041187305365, "componentSize_neighborStd": 0.0, "pagerank_neighborStd": 0.0030704993513547434, "coreNumber_neighborStd": 2.1102670985254677, "onionLayer_neighborStd": 12.965594552808001, "effectiveSize_neighborStd": 32.01510114899059, "nodeCliqueNumber_neighborStd": 1.243537139028453, "numberOfCliques_neighborStd": 126.6513713954055, "clustering_neighborStd": 0.06396577920853888, "squareClustering_neighborStd": 0.01353889513591093, "closenessVitality_neighborStd": 0.6234288517876284, "constraint_neighborStd": 0.041948930573123086}