{"degree": 6.557017543859649, "eigenvectorCentrality": 0.03041556862471287, "betweennessCentrality": 0.005391571099894773, "closenessCentrality": 0.29574644043651316, "harmonicCentrality": 145.13981829573945, "componentSize": 1.0, "pagerank": 0.002192982456140351, "coreNumber": 3.616228070175439, "onionLayer": 12.019736842105264, "effectiveSize": 6.390752286103079, "nodeCliqueNumber": 2.3399122807017543, "numberOfCliques": 6.133771929824562, "clustering": 0.0349349389017517, "squareClustering": 0.03499375876643701, "closenessVitality": 0.7899965040439566, "constraint": 0.329085147760925, "degree_neighborMean": 13.881315341658485, "eigenvectorCentrality_neighborMean": 0.06053693598033581, "betweennessCentrality_neighborMean": 0.017801682941834377, "closenessCentrality_neighborMean": 0.3238853111702168, "harmonicCentrality_neighborMean": 161.67803950281214, "componentSize_neighborMean": 1.0, "pagerank_neighborMean": 0.004341826334081113, "coreNumber_neighborMean": 4.6957447834589665, "onionLayer_neighborMean": 18.817164938708466, "effectiveSize_neighborMean": 13.582611722762582, "nodeCliqueNumber_neighborMean": 2.668528365616408, "numberOfCliques_neighborMean": 12.93807166202985, "clustering_neighborMean": 0.02725396884752824, "squareClustering_neighborMean": 0.03515023833120179, "closenessVitality_neighborMean": 0.34915110243688746, "constraint_neighborMean": 0.15493271799260105, "degree_neighborStd": 7.721023891968424, "eigenvectorCentrality_neighborStd": 0.03699556687187585, "betweennessCentrality_neighborStd": 0.014503233565956083, "closenessCentrality_neighborStd": 0.028589699706054815, "harmonicCentrality_neighborStd": 16.59911137813759, "componentSize_neighborStd": 0.0, "pagerank_neighborStd": 0.002172021136710821, "coreNumber_neighborStd": 0.877824497003234, "onionLayer_neighborStd": 6.328194099616388, "effectiveSize_neighborStd": 7.586599588289582, "nodeCliqueNumber_neighborStd": 0.4504749481965523, "numberOfCliques_neighborStd": 7.210612364422094, "clustering_neighborStd": 0.029218657160488163, "squareClustering_neighborStd": 0.015345547853848202, "closenessVitality_neighborStd": 0.5436955405651642, "constraint_neighborStd": 0.09204835822904782}