{"degree": 21.8, "eigenvectorCentrality": 0.03210235247212416, "betweennessCentrality": 0.002677547866817974, "closenessCentrality": 0.43374953092549384, "harmonicCentrality": 229.4092000000006, "componentSize": 1.0, "pagerank": 0.0019999999999999996, "coreNumber": 11.652, "onionLayer": 29.028, "effectiveSize": 18.260969585272942, "nodeCliqueNumber": 4.768, "numberOfCliques": 47.61, "clustering": 0.18056321900393585, "squareClustering": 0.08791417329952747, "closenessVitality": 0.968, "constraint": 0.09778058534262171, "degree_neighborMean": 47.10277543920805, "eigenvectorCentrality_neighborMean": 0.06280384139587415, "betweennessCentrality_neighborMean": 0.012252147876501243, "closenessCentrality_neighborMean": 0.4724705029879203, "harmonicCentrality_neighborMean": 252.90265753562943, "componentSize_neighborMean": 1.0, "pagerank_neighborMean": 0.003995088304955663, "coreNumber_neighborMean": 14.257158432067465, "onionLayer_neighborMean": 41.317836891878876, "effectiveSize_neighborMean": 41.00510835711321, "nodeCliqueNumber_neighborMean": 6.033063046144405, "numberOfCliques_neighborMean": 185.15670604877604, "clustering_neighborMean": 0.15637541993460474, "squareClustering_neighborMean": 0.0853564709063279, "closenessVitality_neighborMean": 0.7729865937418264, "constraint_neighborMean": 0.055796642722561386, "degree_neighborStd": 42.71918814354431, "eigenvectorCentrality_neighborStd": 0.04983299253032319, "betweennessCentrality_neighborStd": 0.02206094380776709, "closenessCentrality_neighborStd": 0.053880462933935426, "harmonicCentrality_neighborStd": 32.90866614421269, "componentSize_neighborStd": 0.0, "pagerank_neighborStd": 0.0033864291684197498, "coreNumber_neighborStd": 3.003846478308705, "onionLayer_neighborStd": 15.149184089370648, "effectiveSize_neighborStd": 39.16564817341668, "nodeCliqueNumber_neighborStd": 1.9883073368126625, "numberOfCliques_neighborStd": 293.52780872741744, "clustering_neighborStd": 0.0699807931291096, "squareClustering_neighborStd": 0.019090157504655928, "closenessVitality_neighborStd": 0.5264491713617602, "constraint_neighborStd": 0.03759054152848327}