{"degree": 23.2, "eigenvectorCentrality": 0.03450886930665194, "betweennessCentrality": 0.0026098622948708666, "closenessCentrality": 0.43960330509059986, "harmonicCentrality": 232.5473333333339, "componentSize": 1.0, "pagerank": 0.002, "coreNumber": 12.644, "onionLayer": 28.968, "effectiveSize": 19.784494163828914, "nodeCliqueNumber": 4.502, "numberOfCliques": 41.558, "clustering": 0.16853307961776146, "squareClustering": 0.07130926913720614, "closenessVitality": 0.976, "constraint": 0.08820578655883633, "degree_neighborMean": 42.17510901818834, "eigenvectorCentrality_neighborMean": 0.05942549216260636, "betweennessCentrality_neighborMean": 0.009275143926727772, "closenessCentrality_neighborMean": 0.47315613799509404, "harmonicCentrality_neighborMean": 252.18385632662597, "componentSize_neighborMean": 1.0, "pagerank_neighborMean": 0.003405196020292891, "coreNumber_neighborMean": 14.623621017195251, "onionLayer_neighborMean": 37.88552834735648, "effectiveSize_neighborMean": 36.867903331159, "nodeCliqueNumber_neighborMean": 5.2279863413814445, "numberOfCliques_neighborMean": 118.63606582560699, "clustering_neighborMean": 0.14977229153390076, "squareClustering_neighborMean": 0.06903967576787863, "closenessVitality_neighborMean": 0.8595858104844963, "constraint_neighborMean": 0.05222725841955566, "degree_neighborStd": 35.35027990710194, "eigenvectorCentrality_neighborStd": 0.04443665906169613, "betweennessCentrality_neighborStd": 0.018227347328526954, "closenessCentrality_neighborStd": 0.047795934539242815, "harmonicCentrality_neighborStd": 28.388761303424406, "componentSize_neighborStd": 0.0, "pagerank_neighborStd": 0.002625312233230692, "coreNumber_neighborStd": 2.2991399324490365, "onionLayer_neighborStd": 11.032384871288876, "effectiveSize_neighborStd": 32.3856196340793, "nodeCliqueNumber_neighborStd": 1.145301995333763, "numberOfCliques_neighborStd": 189.67629185978726, "clustering_neighborStd": 0.05283600528646043, "squareClustering_neighborStd": 0.010358645746980095, "closenessVitality_neighborStd": 0.4141303450229667, "constraint_neighborStd": 0.034002501145122384}