{"degree": 24.716, "eigenvectorCentrality": 0.03322761382415225, "betweennessCentrality": 0.0024999557347626985, "closenessCentrality": 0.4507464057838642, "harmonicCentrality": 237.62460000000044, "componentSize": 1.0, "pagerank": 0.002, "coreNumber": 13.134, "onionLayer": 28.596, "effectiveSize": 20.427292053383578, "nodeCliqueNumber": 5.216, "numberOfCliques": 60.194, "clustering": 0.20832613049117277, "squareClustering": 0.10856951749817308, "closenessVitality": 0.944, "constraint": 0.09826012978659895, "degree_neighborMean": 58.82516591100535, "eigenvectorCentrality_neighborMean": 0.06850769487853614, "betweennessCentrality_neighborMean": 0.011677810581569699, "closenessCentrality_neighborMean": 0.49625762965938236, "harmonicCentrality_neighborMean": 265.75943285241533, "componentSize_neighborMean": 1.0, "pagerank_neighborMean": 0.004414045326709684, "coreNumber_neighborMean": 16.624995731605875, "onionLayer_neighborMean": 44.787099404483044, "effectiveSize_neighborMean": 51.04585893098993, "nodeCliqueNumber_neighborMean": 6.861541913779557, "numberOfCliques_neighborMean": 248.48085054934606, "clustering_neighborMean": 0.16834741128322037, "squareClustering_neighborMean": 0.09983727834065455, "closenessVitality_neighborMean": 0.6808404650332386, "constraint_neighborMean": 0.047250527792183576, "degree_neighborStd": 45.394378714007196, "eigenvectorCentrality_neighborStd": 0.046141782601131894, "betweennessCentrality_neighborStd": 0.016144787041629662, "closenessCentrality_neighborStd": 0.05111470863927396, "harmonicCentrality_neighborStd": 31.98617010481305, "componentSize_neighborStd": 0.0, "pagerank_neighborStd": 0.0032239038376457013, "coreNumber_neighborStd": 3.1186240372139156, "onionLayer_neighborStd": 16.60968357839524, "effectiveSize_neighborStd": 41.251067769848774, "nodeCliqueNumber_neighborStd": 2.138870099959956, "numberOfCliques_neighborStd": 337.96705247476115, "clustering_neighborStd": 0.06835409517690899, "squareClustering_neighborStd": 0.019172109834514457, "closenessVitality_neighborStd": 0.6270035487963849, "constraint_neighborStd": 0.035726768941254504}