{"degree": 30.94188376753507, "eigenvectorCentrality": 0.033872470869549004, "betweennessCentrality": 0.0022048573806765235, "closenessCentrality": 0.48157213410573774, "harmonicCentrality": 251.4221776887111, "componentSize": 1.0, "pagerank": 0.002004008016032064, "coreNumber": 16.55310621242485, "onionLayer": 31.851703406813627, "effectiveSize": 23.545533540333828, "nodeCliqueNumber": 7.190380761523046, "numberOfCliques": 139.3887775551102, "clustering": 0.28798205567457846, "squareClustering": 0.12840540061243721, "closenessVitality": 0.9679358721945269, "constraint": 0.07739165460701279, "degree_neighborMean": 75.31251568959257, "eigenvectorCentrality_neighborMean": 0.06961960236072898, "betweennessCentrality_neighborMean": 0.013193852677174234, "closenessCentrality_neighborMean": 0.526902054110284, "harmonicCentrality_neighborMean": 280.5035128544148, "componentSize_neighborMean": 1.0, "pagerank_neighborMean": 0.00452343247169205, "coreNumber_neighborMean": 20.70974638957898, "onionLayer_neighborMean": 48.15674945609314, "effectiveSize_neighborMean": 62.44249925355359, "nodeCliqueNumber_neighborMean": 9.434249874562376, "numberOfCliques_neighborMean": 736.8722832479087, "clustering_neighborMean": 0.23196346264594986, "squareClustering_neighborMean": 0.11792725803180971, "closenessVitality_neighborMean": 0.7741484158608436, "constraint_neighborMean": 0.04059007570550163, "degree_neighborStd": 68.20721032821807, "eigenvectorCentrality_neighborStd": 0.05066975971712946, "betweennessCentrality_neighborStd": 0.025678088033828702, "closenessCentrality_neighborStd": 0.059126383414614576, "harmonicCentrality_neighborStd": 38.456750410308764, "componentSize_neighborStd": 0.0, "pagerank_neighborStd": 0.003915527292745385, "coreNumber_neighborStd": 3.938060357255969, "onionLayer_neighborStd": 16.988414476036212, "effectiveSize_neighborStd": 61.87871915991964, "nodeCliqueNumber_neighborStd": 2.8049396559313737, "numberOfCliques_neighborStd": 1249.5571083377022, "clustering_neighborStd": 0.090244636781666, "squareClustering_neighborStd": 0.020549452674691677, "closenessVitality_neighborStd": 0.5531165187169178, "constraint_neighborStd": 0.027898505557845416}