{"degree": 25.899598393574298, "eigenvectorCentrality": 0.03372856771090019, "betweennessCentrality": 0.0024285172102703014, "closenessCentrality": 0.45886687746920657, "harmonicCentrality": 240.48467202141939, "componentSize": 1.0, "pagerank": 0.002008032128514056, "coreNumber": 14.014056224899598, "onionLayer": 29.403614457831324, "effectiveSize": 20.955182060228193, "nodeCliqueNumber": 5.481927710843373, "numberOfCliques": 69.38353413654619, "clustering": 0.23724140682549957, "squareClustering": 0.1079708876630393, "closenessVitality": 0.9718875502008032, "constraint": 0.09092573646661459, "degree_neighborMean": 60.688153031679526, "eigenvectorCentrality_neighborMean": 0.06781703432731175, "betweennessCentrality_neighborMean": 0.013136537496225693, "closenessCentrality_neighborMean": 0.502109586689681, "harmonicCentrality_neighborMean": 267.27711074097635, "componentSize_neighborMean": 1.0, "pagerank_neighborMean": 0.004366453286398614, "coreNumber_neighborMean": 17.86792596617425, "onionLayer_neighborMean": 44.24561282206412, "effectiveSize_neighborMean": 52.29312400365937, "nodeCliqueNumber_neighborMean": 6.896347514633642, "numberOfCliques_neighborMean": 311.0255422000112, "clustering_neighborMean": 0.18572635680418204, "squareClustering_neighborMean": 0.0996668925803778, "closenessVitality_neighborMean": 0.7922707068784621, "constraint_neighborMean": 0.04706689936953946, "degree_neighborStd": 53.65606797169822, "eigenvectorCentrality_neighborStd": 0.049731142986709075, "betweennessCentrality_neighborStd": 0.025114531454329358, "closenessCentrality_neighborStd": 0.05452927740437437, "harmonicCentrality_neighborStd": 34.25791804379864, "componentSize_neighborStd": 0.0, "pagerank_neighborStd": 0.0036653339175707453, "coreNumber_neighborStd": 3.7978750761220574, "onionLayer_neighborStd": 15.647366063359826, "effectiveSize_neighborStd": 49.40715674351322, "nodeCliqueNumber_neighborStd": 1.9487722541378374, "numberOfCliques_neighborStd": 536.8407274156322, "clustering_neighborStd": 0.07961583903765682, "squareClustering_neighborStd": 0.017117815496783245, "closenessVitality_neighborStd": 0.525695577211772, "constraint_neighborStd": 0.03415238360706947}