{"degree": 24.697394789579157, "eigenvectorCentrality": 0.034108999183618476, "betweennessCentrality": 0.002272271385757139, "closenessCentrality": 0.47476142612140576, "harmonicCentrality": 246.60320641282595, "componentSize": 1.0, "pagerank": 0.002004008016032064, "coreNumber": 13.118236472945892, "onionLayer": 29.06613226452906, "effectiveSize": 19.003225269600755, "nodeCliqueNumber": 6.110220440881764, "numberOfCliques": 62.81963927855711, "clustering": 0.321126026844664, "squareClustering": 0.1407132293315979, "closenessVitality": 0.9799599198396793, "constraint": 0.09454807451019143, "degree_neighborMean": 91.43964653122127, "eigenvectorCentrality_neighborMean": 0.08554093467916456, "betweennessCentrality_neighborMean": 0.024412819544077563, "closenessCentrality_neighborMean": 0.5370157626064416, "harmonicCentrality_neighborMean": 287.063411886597, "componentSize_neighborMean": 1.0, "pagerank_neighborMean": 0.006849281294731831, "coreNumber_neighborMean": 16.699836481897428, "onionLayer_neighborMean": 46.08175326590765, "effectiveSize_neighborMean": 81.6431646375737, "nodeCliqueNumber_neighborMean": 7.792787779351971, "numberOfCliques_neighborMean": 491.86110941862086, "clustering_neighborMean": 0.20762306975404904, "squareClustering_neighborMean": 0.1169424494605336, "closenessVitality_neighborMean": 0.7267874163831319, "constraint_neighborMean": 0.047647557516953896, "degree_neighborStd": 87.07136591374943, "eigenvectorCentrality_neighborStd": 0.06341609870147819, "betweennessCentrality_neighborStd": 0.04221445094798609, "closenessCentrality_neighborStd": 0.0792358470206971, "harmonicCentrality_neighborStd": 48.95861497877902, "componentSize_neighborStd": 0.0, "pagerank_neighborStd": 0.0064213420513226606, "coreNumber_neighborStd": 3.085907187095535, "onionLayer_neighborStd": 15.322560851168452, "effectiveSize_neighborStd": 83.21235219941302, "nodeCliqueNumber_neighborStd": 2.3311528111614037, "numberOfCliques_neighborStd": 777.8941006535753, "clustering_neighborStd": 0.1168293141515411, "squareClustering_neighborStd": 0.023785762837158074, "closenessVitality_neighborStd": 0.5917252971138203, "constraint_neighborStd": 0.03437217474742016}