{"degree": 31.584, "eigenvectorCentrality": 0.03324504747469744, "betweennessCentrality": 0.0022640300681684654, "closenessCentrality": 0.47471447225368774, "harmonicCentrality": 249.44933333333373, "componentSize": 1.0, "pagerank": 0.002, "coreNumber": 16.798, "onionLayer": 33.094, "effectiveSize": 24.356313176944393, "nodeCliqueNumber": 6.712, "numberOfCliques": 215.48, "clustering": 0.2646381896084962, "squareClustering": 0.1334034053322064, "closenessVitality": 0.984, "constraint": 0.07345990532273716, "degree_neighborMean": 72.98266034400832, "eigenvectorCentrality_neighborMean": 0.06666129816499439, "betweennessCentrality_neighborMean": 0.010142970039873737, "closenessCentrality_neighborMean": 0.5190934572214638, "harmonicCentrality_neighborMean": 278.1502302605164, "componentSize_neighborMean": 1.0, "pagerank_neighborMean": 0.004296488452515844, "coreNumber_neighborMean": 21.527186548285613, "onionLayer_neighborMean": 51.64547077542382, "effectiveSize_neighborMean": 60.20023972739902, "nodeCliqueNumber_neighborMean": 9.180731264972845, "numberOfCliques_neighborMean": 884.3035131693144, "clustering_neighborMean": 0.21759190341648638, "squareClustering_neighborMean": 0.12358699041182902, "closenessVitality_neighborMean": 0.8626179745842245, "constraint_neighborMean": 0.03906117664158523, "degree_neighborStd": 53.576197863590636, "eigenvectorCentrality_neighborStd": 0.042785886514673466, "betweennessCentrality_neighborStd": 0.014009819657112968, "closenessCentrality_neighborStd": 0.050614600740647595, "harmonicCentrality_neighborStd": 33.17385667374032, "componentSize_neighborStd": 0.0, "pagerank_neighborStd": 0.0029873909893006695, "coreNumber_neighborStd": 4.486657467057538, "onionLayer_neighborStd": 19.085694907688552, "effectiveSize_neighborStd": 47.76170603189378, "nodeCliqueNumber_neighborStd": 3.1959604359588183, "numberOfCliques_neighborStd": 1249.2141868397896, "clustering_neighborStd": 0.08643049890800662, "squareClustering_neighborStd": 0.023996348096643232, "closenessVitality_neighborStd": 0.41932571108859706, "constraint_neighborStd": 0.02841394154533703}