{"degree": 22.801603206412825, "eigenvectorCentrality": 0.03278565735749578, "betweennessCentrality": 0.00244219095225027, "closenessCentrality": 0.4590367845507415, "harmonicCentrality": 239.71723446893822, "componentSize": 1.0, "pagerank": 0.0020040080160320644, "coreNumber": 12.280561122244489, "onionLayer": 28.625250501002004, "effectiveSize": 17.83351324836401, "nodeCliqueNumber": 5.5230460921843685, "numberOfCliques": 65.95390781563127, "clustering": 0.29629721024290306, "squareClustering": 0.117845137613632, "closenessVitality": 0.9318637274549099, "constraint": 0.13966639005629045, "degree_neighborMean": 72.80898974636094, "eigenvectorCentrality_neighborMean": 0.07918362629063327, "betweennessCentrality_neighborMean": 0.028339591725997756, "closenessCentrality_neighborMean": 0.5150443112007389, "harmonicCentrality_neighborMean": 274.73893432714476, "componentSize_neighborMean": 1.0, "pagerank_neighborMean": 0.005962595969797624, "coreNumber_neighborMean": 17.018399937279543, "onionLayer_neighborMean": 49.20959585714973, "effectiveSize_neighborMean": 63.424116901431184, "nodeCliqueNumber_neighborMean": 7.591866216525848, "numberOfCliques_neighborMean": 497.2682164284503, "clustering_neighborMean": 0.2038886870514228, "squareClustering_neighborMean": 0.10461554008222423, "closenessVitality_neighborMean": 0.7290737071172333, "constraint_neighborMean": 0.054616818671361915, "degree_neighborStd": 75.3890617266423, "eigenvectorCentrality_neighborStd": 0.05998537183372595, "betweennessCentrality_neighborStd": 0.06856388035423185, "closenessCentrality_neighborStd": 0.07262987479468298, "harmonicCentrality_neighborStd": 42.994076592755114, "componentSize_neighborStd": 0.0, "pagerank_neighborStd": 0.006158709878151793, "coreNumber_neighborStd": 3.531783181792599, "onionLayer_neighborStd": 17.05102532773622, "effectiveSize_neighborStd": 71.3909629258742, "nodeCliqueNumber_neighborStd": 2.1357693334361936, "numberOfCliques_neighborStd": 966.8385100767345, "clustering_neighborStd": 0.0899238540319086, "squareClustering_neighborStd": 0.020732758096182982, "closenessVitality_neighborStd": 0.48674729620932217, "constraint_neighborStd": 0.04269666016224026}