{"degree": 22.4248496993988, "eigenvectorCentrality": 0.034183830391723694, "betweennessCentrality": 0.002643671867747033, "closenessCentrality": 0.43773713038578005, "harmonicCentrality": 231.05865063460303, "componentSize": 1.0, "pagerank": 0.002004008016032064, "coreNumber": 12.182364729458918, "onionLayer": 30.326653306613228, "effectiveSize": 19.0119295406001, "nodeCliqueNumber": 4.6312625250501, "numberOfCliques": 39.188376753507015, "clustering": 0.18059183772399684, "squareClustering": 0.07959721196658874, "closenessVitality": 0.9519038076152304, "constraint": 0.1051557314973552, "degree_neighborMean": 45.562107441515984, "eigenvectorCentrality_neighborMean": 0.06260057604168073, "betweennessCentrality_neighborMean": 0.011150669583308669, "closenessCentrality_neighborMean": 0.4746137636462243, "harmonicCentrality_neighborMean": 253.30957150837463, "componentSize_neighborMean": 1.0, "pagerank_neighborMean": 0.0037941785838469405, "coreNumber_neighborMean": 14.378632680248653, "onionLayer_neighborMean": 41.470115969253776, "effectiveSize_neighborMean": 40.13256604157363, "nodeCliqueNumber_neighborMean": 5.50327994698983, "numberOfCliques_neighborMean": 129.8846459294545, "clustering_neighborMean": 0.1519188606747533, "squareClustering_neighborMean": 0.07479546640209664, "closenessVitality_neighborMean": 0.7671455519529289, "constraint_neighborMean": 0.053741928902048285, "degree_neighborStd": 39.95781898116664, "eigenvectorCentrality_neighborStd": 0.04700631552405186, "betweennessCentrality_neighborStd": 0.02012222291226473, "closenessCentrality_neighborStd": 0.04854005367931096, "harmonicCentrality_neighborStd": 29.83654477738445, "componentSize_neighborStd": 0.0, "pagerank_neighborStd": 0.0030928891437701847, "coreNumber_neighborStd": 2.1652607500031817, "onionLayer_neighborStd": 12.937193044236652, "effectiveSize_neighborStd": 37.10823817699869, "nodeCliqueNumber_neighborStd": 1.374545882549359, "numberOfCliques_neighborStd": 206.84379967118164, "clustering_neighborStd": 0.06321781251991727, "squareClustering_neighborStd": 0.013457030696544855, "closenessVitality_neighborStd": 0.5133060643587584, "constraint_neighborStd": 0.03610382441570113}