{"degree": 15.188755020080322, "eigenvectorCentrality": 0.031667674654199035, "betweennessCentrality": 0.0030858326536495825, "closenessCentrality": 0.4009201106817206, "harmonicCentrality": 211.74899598393628, "componentSize": 1.0, "pagerank": 0.002008032128514056, "coreNumber": 8.06425702811245, "onionLayer": 22.6144578313253, "effectiveSize": 13.347713169660425, "nodeCliqueNumber": 3.8333333333333335, "numberOfCliques": 19.367469879518072, "clustering": 0.1416768778151138, "squareClustering": 0.07419870995904396, "closenessVitality": 0.927710843373494, "constraint": 0.15170334628914292, "degree_neighborMean": 38.625960300605406, "eigenvectorCentrality_neighborMean": 0.06907568245263294, "betweennessCentrality_neighborMean": 0.016708763149630542, "closenessCentrality_neighborMean": 0.4423168893782742, "harmonicCentrality_neighborMean": 237.2263401982198, "componentSize_neighborMean": 1.0, "pagerank_neighborMean": 0.004689650015232242, "coreNumber_neighborMean": 10.082027290465597, "onionLayer_neighborMean": 34.80417272468981, "effectiveSize_neighborMean": 35.198863378712765, "nodeCliqueNumber_neighborMean": 4.937588741613564, "numberOfCliques_neighborMean": 76.20303691849058, "clustering_neighborMean": 0.1179494556160085, "squareClustering_neighborMean": 0.07009455477279043, "closenessVitality_neighborMean": 0.6277808959478813, "constraint_neighborMean": 0.07551934970984069, "degree_neighborStd": 35.11729573498007, "eigenvectorCentrality_neighborStd": 0.05470942316433482, "betweennessCentrality_neighborStd": 0.02566655903060541, "closenessCentrality_neighborStd": 0.05215417767971102, "harmonicCentrality_neighborStd": 31.815954477520723, "componentSize_neighborStd": 0.0, "pagerank_neighborStd": 0.0040231818827413226, "coreNumber_neighborStd": 1.9213240936488587, "onionLayer_neighborStd": 13.183533335491065, "effectiveSize_neighborStd": 33.15416538746985, "nodeCliqueNumber_neighborStd": 1.5346957904449618, "numberOfCliques_neighborStd": 103.26915200922878, "clustering_neighborStd": 0.06679402462073919, "squareClustering_neighborStd": 0.01668851026415889, "closenessVitality_neighborStd": 0.604054678208832, "constraint_neighborStd": 0.0543813426462617}