{"degree": 24.03206412825651, "eigenvectorCentrality": 0.033067724124094894, "betweennessCentrality": 0.0025541535828357566, "closenessCentrality": 0.44628840616768817, "harmonicCentrality": 234.94388777555156, "componentSize": 1.0, "pagerank": 0.0020040080160320644, "coreNumber": 12.967935871743487, "onionLayer": 34.57915831663327, "effectiveSize": 19.677884288084186, "nodeCliqueNumber": 5.052104208416834, "numberOfCliques": 63.65931863727455, "clustering": 0.21701197861372695, "squareClustering": 0.10938394616803365, "closenessVitality": 0.9639278557114231, "constraint": 0.10021268462617187, "degree_neighborMean": 57.66267405369205, "eigenvectorCentrality_neighborMean": 0.06833264585584706, "betweennessCentrality_neighborMean": 0.012399564218874849, "closenessCentrality_neighborMean": 0.49170322136416555, "harmonicCentrality_neighborMean": 263.0176233129933, "componentSize_neighborMean": 1.0, "pagerank_neighborMean": 0.0044501712059815245, "coreNumber_neighborMean": 16.7462410379309, "onionLayer_neighborMean": 53.1274201257422, "effectiveSize_neighborMean": 49.861926714768494, "nodeCliqueNumber_neighborMean": 6.56554905938401, "numberOfCliques_neighborMean": 271.33093985998244, "clustering_neighborMean": 0.17724422345576915, "squareClustering_neighborMean": 0.10046464429841974, "closenessVitality_neighborMean": 0.7291189596857613, "constraint_neighborMean": 0.05062955491717528, "degree_neighborStd": 46.661237383895354, "eigenvectorCentrality_neighborStd": 0.04687906368944866, "betweennessCentrality_neighborStd": 0.01785907668858592, "closenessCentrality_neighborStd": 0.05334305732993226, "harmonicCentrality_neighborStd": 33.31808176581512, "componentSize_neighborStd": 0.0, "pagerank_neighborStd": 0.003414760708247447, "coreNumber_neighborStd": 3.668126038433308, "onionLayer_neighborStd": 19.71486008308541, "effectiveSize_neighborStd": 42.66952975798372, "nodeCliqueNumber_neighborStd": 1.9367239746623994, "numberOfCliques_neighborStd": 385.3642442033063, "clustering_neighborStd": 0.07457146656213756, "squareClustering_neighborStd": 0.019130929342182686, "closenessVitality_neighborStd": 0.5810335071742917, "constraint_neighborStd": 0.03743099126106478}