{"degree": 20.6, "eigenvectorCentrality": 0.03381965390478807, "betweennessCentrality": 0.0027207668348745682, "closenessCentrality": 0.42959759079985943, "harmonicCentrality": 227.32026666666718, "componentSize": 1.0, "pagerank": 0.0020000000000000005, "coreNumber": 11.062, "onionLayer": 30.004, "effectiveSize": 17.892955066766937, "nodeCliqueNumber": 4.226, "numberOfCliques": 31.96, "clustering": 0.15921285528000534, "squareClustering": 0.07762603821789389, "closenessVitality": 0.968, "constraint": 0.10347242609622344, "degree_neighborMean": 43.639378144936956, "eigenvectorCentrality_neighborMean": 0.06467437020205119, "betweennessCentrality_neighborMean": 0.010917930471213484, "closenessCentrality_neighborMean": 0.46866201821821185, "harmonicCentrality_neighborMean": 250.71945976715241, "componentSize_neighborMean": 1.0, "pagerank_neighborMean": 0.003939738773926283, "coreNumber_neighborMean": 13.363676408979408, "onionLayer_neighborMean": 44.01857956219412, "effectiveSize_neighborMean": 39.09569458080312, "nodeCliqueNumber_neighborMean": 5.171005513427054, "numberOfCliques_neighborMean": 101.91983603885156, "clustering_neighborMean": 0.13083214069162408, "squareClustering_neighborMean": 0.07037543471833159, "closenessVitality_neighborMean": 0.7866517578477596, "constraint_neighborMean": 0.05527074323189498, "degree_neighborStd": 34.381067459910845, "eigenvectorCentrality_neighborStd": 0.04551466471494594, "betweennessCentrality_neighborStd": 0.0160765933166264, "closenessCentrality_neighborStd": 0.047932342370882085, "harmonicCentrality_neighborStd": 28.90004575108642, "componentSize_neighborStd": 0.0, "pagerank_neighborStd": 0.0028929624044627183, "coreNumber_neighborStd": 2.2536961550727694, "onionLayer_neighborStd": 15.016108532904099, "effectiveSize_neighborStd": 32.00340605961517, "nodeCliqueNumber_neighborStd": 1.3321987926491112, "numberOfCliques_neighborStd": 134.70080520841228, "clustering_neighborStd": 0.05634361740274559, "squareClustering_neighborStd": 0.0124356939122654, "closenessVitality_neighborStd": 0.49075531793453514, "constraint_neighborStd": 0.03849944923892808}