{"degree": 16.365461847389557, "eigenvectorCentrality": 0.03155222644099196, "betweennessCentrality": 0.0031994010963044754, "closenessCentrality": 0.3931390442684087, "harmonicCentrality": 208.74551539491355, "componentSize": 1.0, "pagerank": 0.002008032128514056, "coreNumber": 8.755020080321286, "onionLayer": 26.184738955823292, "effectiveSize": 14.449574583436481, "nodeCliqueNumber": 3.5803212851405624, "numberOfCliques": 23.7429718875502, "clustering": 0.1316951929522089, "squareClustering": 0.07466338547802254, "closenessVitality": 0.891566265060241, "constraint": 0.1628808191082555, "degree_neighborMean": 35.54239635217297, "eigenvectorCentrality_neighborMean": 0.06212504695228708, "betweennessCentrality_neighborMean": 0.01159321612286052, "closenessCentrality_neighborMean": 0.4313270645773983, "harmonicCentrality_neighborMean": 232.6164753210712, "componentSize_neighborMean": 1.0, "pagerank_neighborMean": 0.004041677744553912, "coreNumber_neighborMean": 11.468624119516917, "onionLayer_neighborMean": 39.794151277205955, "effectiveSize_neighborMean": 32.21316583608457, "nodeCliqueNumber_neighborMean": 4.358418340391372, "numberOfCliques_neighborMean": 64.33308969620555, "clustering_neighborMean": 0.11278553928717212, "squareClustering_neighborMean": 0.07210813788881514, "closenessVitality_neighborMean": 0.6071043432234703, "constraint_neighborMean": 0.07465005019064981, "degree_neighborStd": 24.9294738805491, "eigenvectorCentrality_neighborStd": 0.0399793926686731, "betweennessCentrality_neighborStd": 0.01357136805895411, "closenessCentrality_neighborStd": 0.04259051202718497, "harmonicCentrality_neighborStd": 26.334862922681225, "componentSize_neighborStd": 0.0, "pagerank_neighborStd": 0.002639536915517113, "coreNumber_neighborStd": 2.4941932269494567, "onionLayer_neighborStd": 13.707343106652065, "effectiveSize_neighborStd": 23.418114600939752, "nodeCliqueNumber_neighborStd": 1.0566390590814616, "numberOfCliques_neighborStd": 62.721994225069686, "clustering_neighborStd": 0.05888279231933534, "squareClustering_neighborStd": 0.017200929024891544, "closenessVitality_neighborStd": 0.5831773465074247, "constraint_neighborStd": 0.056515066418916245}