{"degree": 21.11422845691383, "eigenvectorCentrality": 0.03282364429825949, "betweennessCentrality": 0.002814465889266432, "closenessCentrality": 0.4230232897491274, "harmonicCentrality": 224.2617234468944, "componentSize": 1.0, "pagerank": 0.0020040080160320635, "coreNumber": 11.226452905811623, "onionLayer": 32.06613226452906, "effectiveSize": 18.128310425827895, "nodeCliqueNumber": 4.264529058116232, "numberOfCliques": 39.673346693386776, "clustering": 0.1596152162491655, "squareClustering": 0.07780094915563812, "closenessVitality": 0.9474180243606328, "constraint": 0.11352887621752425, "degree_neighborMean": 41.50717632855598, "eigenvectorCentrality_neighborMean": 0.060468424847313365, "betweennessCentrality_neighborMean": 0.009228133022413635, "closenessCentrality_neighborMean": 0.4604576497465213, "harmonicCentrality_neighborMean": 246.64903259413794, "componentSize_neighborMean": 1.0, "pagerank_neighborMean": 0.0036571107021971245, "coreNumber_neighborMean": 13.673155021223588, "onionLayer_neighborMean": 47.4413863471979, "effectiveSize_neighborMean": 36.526362577436544, "nodeCliqueNumber_neighborMean": 5.185965772849324, "numberOfCliques_neighborMean": 117.30546591994934, "clustering_neighborMean": 0.13952131824406164, "squareClustering_neighborMean": 0.07532578257307036, "closenessVitality_neighborMean": 0.806344132424397, "constraint_neighborMean": 0.05929372849199548, "degree_neighborStd": 30.88912241869595, "eigenvectorCentrality_neighborStd": 0.041861085389686414, "betweennessCentrality_neighborStd": 0.012633277282934218, "closenessCentrality_neighborStd": 0.04614140220333487, "harmonicCentrality_neighborStd": 27.685437079229104, "componentSize_neighborStd": 0.0, "pagerank_neighborStd": 0.0024874425283315143, "coreNumber_neighborStd": 2.5322639104468894, "onionLayer_neighborStd": 18.481129664523642, "effectiveSize_neighborStd": 28.183993169097807, "nodeCliqueNumber_neighborStd": 1.418468450237985, "numberOfCliques_neighborStd": 158.89141796362486, "clustering_neighborStd": 0.060789162065313394, "squareClustering_neighborStd": 0.014536814592544146, "closenessVitality_neighborStd": 0.42850120507964146, "constraint_neighborStd": 0.04130058199525837}