{"degree": 10.770491803278688, "eigenvectorCentrality": 0.030850846547726973, "betweennessCentrality": 0.003785323906283052, "closenessCentrality": 0.35696586191925783, "harmonicCentrality": 185.3216530054649, "componentSize": 1.0, "pagerank": 0.0020491803278688526, "coreNumber": 5.831967213114754, "onionLayer": 17.434426229508198, "effectiveSize": 9.920782551259297, "nodeCliqueNumber": 2.9836065573770494, "numberOfCliques": 10.866803278688524, "clustering": 0.09340070788725337, "squareClustering": 0.05638658249261908, "closenessVitality": 0.9180327868852459, "constraint": 0.19087839974990767, "degree_neighborMean": 23.1336177645303, "eigenvectorCentrality_neighborMean": 0.06132721120832483, "betweennessCentrality_neighborMean": 0.014799278014259561, "closenessCentrality_neighborMean": 0.3879027858881198, "harmonicCentrality_neighborMean": 204.19872767423112, "componentSize_neighborMean": 1.0, "pagerank_neighborMean": 0.00407713380345749, "coreNumber_neighborMean": 7.020748042038031, "onionLayer_neighborMean": 25.232057150711835, "effectiveSize_neighborMean": 21.726264575624533, "nodeCliqueNumber_neighborMean": 3.4415523272879223, "numberOfCliques_neighborMean": 28.85183901259757, "clustering_neighborMean": 0.07863851720031552, "squareClustering_neighborMean": 0.051341013134100305, "closenessVitality_neighborMean": 0.6346297489678434, "constraint_neighborMean": 0.0972161247822458, "degree_neighborStd": 17.987730410127867, "eigenvectorCentrality_neighborStd": 0.049155262839599846, "betweennessCentrality_neighborStd": 0.020852841619998848, "closenessCentrality_neighborStd": 0.04140101005881364, "harmonicCentrality_neighborStd": 24.33938171226861, "componentSize_neighborStd": 0.0, "pagerank_neighborStd": 0.0028924884130475262, "coreNumber_neighborStd": 1.0627348097962928, "onionLayer_neighborStd": 8.32241885108789, "effectiveSize_neighborStd": 17.222153851220497, "nodeCliqueNumber_neighborStd": 0.7058988948438759, "numberOfCliques_neighborStd": 31.897555730698837, "clustering_neighborStd": 0.05429728287900664, "squareClustering_neighborStd": 0.016562259577557543, "closenessVitality_neighborStd": 0.5278447622368476, "constraint_neighborStd": 0.062275722330463884}