{"degree": 10.461538461538462, "eigenvectorCentrality": 0.27532038551247817, "betweennessCentrality": 0.011655011655011656, "closenessCentrality": 0.8984784446322909, "harmonicCentrality": 11.23076923076923, "componentSize": 1.0, "pagerank": 0.07692307692307693, "coreNumber": 8.0, "onionLayer": 2.5384615384615383, "effectiveSize": 1.9505827505827502, "nodeCliqueNumber": 9.0, "numberOfCliques": 3.4615384615384617, "clustering": 0.91013986013986, "squareClustering": 0.8092287223031881, "closenessVitality": 0.9999999999642133, "constraint": 0.31316187118615335, "degree_neighborMean": 10.775233100233102, "eigenvectorCentrality_neighborMean": 0.2818758457958327, "betweennessCentrality_neighborMean": 0.013475849697440607, "closenessCentrality_neighborMean": 0.9186383274844813, "harmonicCentrality_neighborMean": 11.38761655011655, "componentSize_neighborMean": 1.0, "pagerank_neighborMean": 0.07895111550920027, "coreNumber_neighborMean": 8.0, "onionLayer_neighborMean": 2.6562160062160065, "effectiveSize_neighborMean": 2.089987481654148, "nodeCliqueNumber_neighborMean": 9.0, "numberOfCliques_neighborMean": 3.7752331002331, "clustering_neighborMean": 0.8978033442427381, "squareClustering_neighborMean": 0.798078251818631, "closenessVitality_neighborMean": 0.9999999999575304, "constraint_neighborMean": 0.31136095978059875, "degree_neighborStd": 1.4297619819606016, "eigenvectorCentrality_neighborStd": 0.02983358254948278, "betweennessCentrality_neighborStd": 0.008636584155908249, "closenessCentrality_neighborStd": 0.09283885565955947, "harmonicCentrality_neighborStd": 0.7148809909803008, "componentSize_neighborStd": 0.0, "pagerank_neighborStd": 0.009245511234476509, "coreNumber_neighborStd": 0.0, "onionLayer_neighborStd": 0.62296143812579, "effectiveSize_neighborStd": 0.6499461727905173, "nodeCliqueNumber_neighborStd": 0.0, "numberOfCliques_neighborStd": 1.4297619819606016, "clustering_neighborStd": 0.0567479795928011, "squareClustering_neighborStd": 0.05039525312066051, "closenessVitality_neighborStd": 3.512517107437243e-11, "constraint_neighborStd": 0.008442185124424875}