{"degree": 9.474541751527495, "eigenvectorCentrality": 0.03189327314856865, "betweennessCentrality": 0.003898510911867902, "closenessCentrality": 0.34928597941525297, "harmonicCentrality": 182.4111337406657, "componentSize": 1.0, "pagerank": 0.002036659877800407, "coreNumber": 5.154786150712831, "onionLayer": 14.743380855397149, "effectiveSize": 8.563971461420984, "nodeCliqueNumber": 3.020366598778004, "numberOfCliques": 9.128309572301426, "clustering": 0.12834929819949245, "squareClustering": 0.048311406335087945, "closenessVitality": 0.8778004073319755, "constraint": 0.2292334639400302, "degree_neighborMean": 22.934269731536514, "eigenvectorCentrality_neighborMean": 0.06718520081034783, "betweennessCentrality_neighborMean": 0.019614744495825443, "closenessCentrality_neighborMean": 0.38236017352796703, "harmonicCentrality_neighborMean": 203.03091569416404, "componentSize_neighborMean": 1.0, "pagerank_neighborMean": 0.004553697236074308, "coreNumber_neighborMean": 6.486661909358483, "onionLayer_neighborMean": 22.585532542350833, "effectiveSize_neighborMean": 21.47861238717896, "nodeCliqueNumber_neighborMean": 3.5112057413970175, "numberOfCliques_neighborMean": 26.75172598492476, "clustering_neighborMean": 0.09519631738814036, "squareClustering_neighborMean": 0.042614518392029115, "closenessVitality_neighborMean": 0.5542818278426931, "constraint_neighborMean": 0.11490114874071132, "degree_neighborStd": 19.16657814776831, "eigenvectorCentrality_neighborStd": 0.051401202824494854, "betweennessCentrality_neighborStd": 0.028051732188913575, "closenessCentrality_neighborStd": 0.04007583601697481, "harmonicCentrality_neighborStd": 24.74387407530757, "componentSize_neighborStd": 0.0, "pagerank_neighborStd": 0.003569137829639943, "coreNumber_neighborStd": 1.1957930174317077, "onionLayer_neighborStd": 8.157289626050456, "effectiveSize_neighborStd": 18.539826711282437, "nodeCliqueNumber_neighborStd": 0.6739496816519926, "numberOfCliques_neighborStd": 28.661607300315254, "clustering_neighborStd": 0.06809747892972151, "squareClustering_neighborStd": 0.015174932896309822, "closenessVitality_neighborStd": 0.5556984818736368, "constraint_neighborStd": 0.07334448896420259}