{"degree": 8.037037037037036, "eigenvectorCentrality": 0.03084694319181895, "betweennessCentrality": 0.004485533596228171, "closenessCentrality": 0.3212982902965985, "harmonicCentrality": 167.2518910444839, "componentSize": 1.0, "pagerank": 0.00205761316872428, "coreNumber": 4.366255144032922, "onionLayer": 14.491769547325102, "effectiveSize": 7.477245523725854, "nodeCliqueNumber": 2.763374485596708, "numberOfCliques": 7.308641975308642, "clustering": 0.08469689690223235, "squareClustering": 0.038048264218417345, "closenessVitality": 0.8148148148148148, "constraint": 0.27239006747057065, "degree_neighborMean": 17.488426362431397, "eigenvectorCentrality_neighborMean": 0.062426425465522184, "betweennessCentrality_neighborMean": 0.016440410022450135, "closenessCentrality_neighborMean": 0.3498793866587914, "harmonicCentrality_neighborMean": 185.04563795412042, "componentSize_neighborMean": 1.0, "pagerank_neighborMean": 0.004141137881115842, "coreNumber_neighborMean": 5.322114229385485, "onionLayer_neighborMean": 21.317297394480498, "effectiveSize_neighborMean": 16.588335958403405, "nodeCliqueNumber_neighborMean": 3.1853983780142197, "numberOfCliques_neighborMean": 17.07666470470502, "clustering_neighborMean": 0.06901914513068107, "squareClustering_neighborMean": 0.03601598795414462, "closenessVitality_neighborMean": 0.41209525916655476, "constraint_neighborMean": 0.13290729576230326, "degree_neighborStd": 11.550729169125667, "eigenvectorCentrality_neighborStd": 0.04305703955653014, "betweennessCentrality_neighborStd": 0.017490371864814874, "closenessCentrality_neighborStd": 0.032673209934521365, "harmonicCentrality_neighborStd": 19.88245991877255, "componentSize_neighborStd": 0.0, "pagerank_neighborStd": 0.0024861098006945725, "coreNumber_neighborStd": 0.7167408613391015, "onionLayer_neighborStd": 6.174270097742053, "effectiveSize_neighborStd": 11.163390672706017, "nodeCliqueNumber_neighborStd": 0.6172644558315952, "numberOfCliques_neighborStd": 12.562093061427777, "clustering_neighborStd": 0.05268242164180998, "squareClustering_neighborStd": 0.012973491390034434, "closenessVitality_neighborStd": 0.5832703265441925, "constraint_neighborStd": 0.08015657733273876}