{"degree": 16.963709677419356, "eigenvectorCentrality": 0.034220807822974715, "betweennessCentrality": 0.0030720717690157417, "closenessCentrality": 0.4024890109759578, "harmonicCentrality": 212.12533602150594, "componentSize": 1.0, "pagerank": 0.0020161290322580645, "coreNumber": 9.223790322580646, "onionLayer": 24.02217741935484, "effectiveSize": 15.183976426722056, "nodeCliqueNumber": 3.592741935483871, "numberOfCliques": 20.85282258064516, "clustering": 0.1294677676991346, "squareClustering": 0.07095267251892334, "closenessVitality": 0.9395161290322581, "constraint": 0.1404421099714966, "degree_neighborMean": 35.155394032538794, "eigenvectorCentrality_neighborMean": 0.0633902772992333, "betweennessCentrality_neighborMean": 0.011638768240040216, "closenessCentrality_neighborMean": 0.43901118635533287, "harmonicCentrality_neighborMean": 234.63272324498212, "componentSize_neighborMean": 1.0, "pagerank_neighborMean": 0.00390768695946796, "coreNumber_neighborMean": 11.539538023301732, "onionLayer_neighborMean": 35.898038020966794, "effectiveSize_neighborMean": 32.303188349177674, "nodeCliqueNumber_neighborMean": 4.226599900748576, "numberOfCliques_neighborMean": 54.655655176947526, "clustering_neighborMean": 0.1055314012800612, "squareClustering_neighborMean": 0.06603664024909492, "closenessVitality_neighborMean": 0.7470966802539335, "constraint_neighborMean": 0.06530909563538562, "degree_neighborStd": 25.89742148947247, "eigenvectorCentrality_neighborStd": 0.04040159066605224, "betweennessCentrality_neighborStd": 0.01659092489188035, "closenessCentrality_neighborStd": 0.04146946898181967, "harmonicCentrality_neighborStd": 25.340083236116882, "componentSize_neighborStd": 0.0, "pagerank_neighborStd": 0.0026997195065095185, "coreNumber_neighborStd": 1.9967098512043204, "onionLayer_neighborStd": 12.122461446127135, "effectiveSize_neighborStd": 24.648868473410236, "nodeCliqueNumber_neighborStd": 0.8442161541403815, "numberOfCliques_neighborStd": 59.76195963408416, "clustering_neighborStd": 0.05522032949110065, "squareClustering_neighborStd": 0.01462930917204083, "closenessVitality_neighborStd": 0.45823222533935926, "constraint_neighborStd": 0.04750042247052679}