{"degree": 8.574468085106384, "eigenvectorCentrality": 0.029416066551236682, "betweennessCentrality": 0.00455461760638007, "closenessCentrality": 0.3258465539459989, "harmonicCentrality": 163.8545896656537, "componentSize": 1.0, "pagerank": 0.0021276595744680847, "coreNumber": 4.768085106382979, "onionLayer": 14.087234042553192, "effectiveSize": 7.997197117772816, "nodeCliqueNumber": 2.7106382978723405, "numberOfCliques": 8.53191489361702, "clustering": 0.06787159749722181, "squareClustering": 0.04100799274851693, "closenessVitality": 0.7957446808510639, "constraint": 0.2819565939568065, "degree_neighborMean": 17.79127921254493, "eigenvectorCentrality_neighborMean": 0.06005531539907351, "betweennessCentrality_neighborMean": 0.014970425152815115, "closenessCentrality_neighborMean": 0.35899041905492124, "harmonicCentrality_neighborMean": 183.2921621688982, "componentSize_neighborMean": 1.0, "pagerank_neighborMean": 0.0040638106440927056, "coreNumber_neighborMean": 6.523042529956251, "onionLayer_neighborMean": 21.826935207330703, "effectiveSize_neighborMean": 16.689856334564983, "nodeCliqueNumber_neighborMean": 3.1830423780610464, "numberOfCliques_neighborMean": 19.707345469893536, "clustering_neighborMean": 0.06642666072608037, "squareClustering_neighborMean": 0.040812105629237067, "closenessVitality_neighborMean": 0.418603321136577, "constraint_neighborMean": 0.1305405061985772, "degree_neighborStd": 10.974885838126783, "eigenvectorCentrality_neighborStd": 0.03980187203719196, "betweennessCentrality_neighborStd": 0.01514363530632981, "closenessCentrality_neighborStd": 0.034964547831134785, "harmonicCentrality_neighborStd": 20.229023895126574, "componentSize_neighborStd": 0.0, "pagerank_neighborStd": 0.0022432635555730577, "coreNumber_neighborStd": 1.5676170900850128, "onionLayer_neighborStd": 7.338089392040632, "effectiveSize_neighborStd": 10.374408265892113, "nodeCliqueNumber_neighborStd": 0.5759721763826059, "numberOfCliques_neighborStd": 14.92804701590735, "clustering_neighborStd": 0.04498746658967487, "squareClustering_neighborStd": 0.013423455804814492, "closenessVitality_neighborStd": 0.5826188503716582, "constraint_neighborStd": 0.0840501692709553}