{"degree": 7.779166666666667, "eigenvectorCentrality": 0.028813453739592255, "betweennessCentrality": 0.004636741031262829, "closenessCentrality": 0.31765811882029643, "harmonicCentrality": 162.95465277777794, "componentSize": 1.0, "pagerank": 0.0020833333333333333, "coreNumber": 4.19375, "onionLayer": 13.679166666666667, "effectiveSize": 7.265169037185909, "nodeCliqueNumber": 2.689583333333333, "numberOfCliques": 7.435416666666667, "clustering": 0.06556744640148028, "squareClustering": 0.038142393260527825, "closenessVitality": 0.7625, "constraint": 0.32344341881563543, "degree_neighborMean": 17.30272184050982, "eigenvectorCentrality_neighborMean": 0.062339410173070764, "betweennessCentrality_neighborMean": 0.01718394685061702, "closenessCentrality_neighborMean": 0.3531642868848764, "harmonicCentrality_neighborMean": 184.15803168162614, "componentSize_neighborMean": 1.0, "pagerank_neighborMean": 0.004257475050808272, "coreNumber_neighborMean": 5.708219433316584, "onionLayer_neighborMean": 21.97188832614106, "effectiveSize_neighborMean": 16.245611853142556, "nodeCliqueNumber_neighborMean": 3.260149882715629, "numberOfCliques_neighborMean": 18.814851696372067, "clustering_neighborMean": 0.06463376329038746, "squareClustering_neighborMean": 0.03937846126913577, "closenessVitality_neighborMean": 0.2965836603868388, "constraint_neighborMean": 0.13895837144808965, "degree_neighborStd": 11.23246698738516, "eigenvectorCentrality_neighborStd": 0.04198645640342081, "betweennessCentrality_neighborStd": 0.018615932659571077, "closenessCentrality_neighborStd": 0.03415595836776811, "harmonicCentrality_neighborStd": 20.182261155240134, "componentSize_neighborStd": 0.0, "pagerank_neighborStd": 0.0024884644234137543, "coreNumber_neighborStd": 1.071500611908698, "onionLayer_neighborStd": 6.779922028057371, "effectiveSize_neighborStd": 10.62784568371723, "nodeCliqueNumber_neighborStd": 0.6255792006422947, "numberOfCliques_neighborStd": 15.507093790351087, "clustering_neighborStd": 0.04233998195974657, "squareClustering_neighborStd": 0.013778416858579142, "closenessVitality_neighborStd": 0.5755739074162937, "constraint_neighborStd": 0.09003328206467522}