{"degree": 3.993220338983051, "eigenvectorCentrality": 0.038438047724860515, "betweennessCentrality": 0.004542676676154352, "closenessCentrality": 0.4333796109767063, "harmonicCentrality": 132.11186440677946, "componentSize": 1.0, "pagerank": 0.0033898305084745757, "coreNumber": 2.1864406779661016, "onionLayer": 2.1796610169491526, "effectiveSize": 2.9140744484721384, "nodeCliqueNumber": 3.1728813559322036, "numberOfCliques": 2.8779661016949154, "clustering": 0.46486327799094324, "squareClustering": 0.08776590050384064, "closenessVitality": 0.9457627118644067, "constraint": 0.704295953783463, "degree_neighborMean": 131.47553361879227, "eigenvectorCentrality_neighborMean": 0.3439313531432681, "betweennessCentrality_neighborMean": 0.384216595760038, "closenessCentrality_neighborMean": 0.6536868856751171, "harmonicCentrality_neighborMean": 212.39784888086743, "componentSize_neighborMean": 1.0, "pagerank_neighborMean": 0.10973268161791912, "coreNumber_neighborMean": 9.830423940724119, "onionLayer_neighborMean": 9.817296474789114, "effectiveSize_neighborMean": 127.63361429503853, "nodeCliqueNumber_neighborMean": 10.81586200276229, "numberOfCliques_neighborMean": 125.20893119090908, "clustering_neighborMean": 0.08664820261959527, "squareClustering_neighborMean": 0.06406842074030447, "closenessVitality_neighborMean": -0.8642780517471136, "constraint_neighborMean": 0.06494757162322068, "degree_neighborStd": 26.203683157961105, "eigenvectorCentrality_neighborStd": 0.0456977282329073, "betweennessCentrality_neighborStd": 0.09511567601680494, "closenessCentrality_neighborStd": 0.03453287398443293, "harmonicCentrality_neighborStd": 13.326046985302744, "componentSize_neighborStd": 0.0, "pagerank_neighborStd": 0.02318966032615211, "coreNumber_neighborStd": 0.11782913030822478, "onionLayer_neighborStd": 0.13284842677117462, "effectiveSize_neighborStd": 26.865781879456005, "nodeCliqueNumber_neighborStd": 0.13261287727053322, "numberOfCliques_neighborStd": 26.412489127962687, "clustering_neighborStd": 0.05166312608518142, "squareClustering_neighborStd": 0.009058206828091223, "closenessVitality_neighborStd": 0.13017527981392718, "constraint_neighborStd": 0.022938186074112667}