{"degree": 13.137651821862349, "eigenvectorCentrality": 0.03215691187674527, "betweennessCentrality": 0.0029742453397631017, "closenessCentrality": 0.4117780477006505, "harmonicCentrality": 214.2798920377873, "componentSize": 1.0, "pagerank": 0.0020242914979757085, "coreNumber": 6.94331983805668, "onionLayer": 18.048582995951417, "effectiveSize": 11.221224322099054, "nodeCliqueNumber": 3.603238866396761, "numberOfCliques": 16.344129554655872, "clustering": 0.2169204273255195, "squareClustering": 0.08669313355310224, "closenessVitality": 0.9190283400809717, "constraint": 0.18508040542954093, "degree_neighborMean": 55.686066790987844, "eigenvectorCentrality_neighborMean": 0.09024712914568286, "betweennessCentrality_neighborMean": 0.03123469297767904, "closenessCentrality_neighborMean": 0.46533982543929436, "harmonicCentrality_neighborMean": 249.24451794031495, "componentSize_neighborMean": 1.0, "pagerank_neighborMean": 0.007862249659350402, "coreNumber_neighborMean": 8.898872249815746, "onionLayer_neighborMean": 32.80270183457755, "effectiveSize_neighborMean": 52.37664773393634, "nodeCliqueNumber_neighborMean": 4.387597242628905, "numberOfCliques_neighborMean": 97.23158025805185, "clustering_neighborMean": 0.13411164661958735, "squareClustering_neighborMean": 0.07502594670124849, "closenessVitality_neighborMean": 0.36885596293765716, "constraint_neighborMean": 0.07913917637894102, "degree_neighborStd": 51.2395727252587, "eigenvectorCentrality_neighborStd": 0.06886205772757266, "betweennessCentrality_neighborStd": 0.041865686384987694, "closenessCentrality_neighborStd": 0.05888947550121313, "harmonicCentrality_neighborStd": 37.74776878344694, "componentSize_neighborStd": 0.0, "pagerank_neighborStd": 0.007092955856594606, "coreNumber_neighborStd": 1.4801474882999817, "onionLayer_neighborStd": 13.063254280213826, "effectiveSize_neighborStd": 50.018412320734754, "nodeCliqueNumber_neighborStd": 0.835142726287942, "numberOfCliques_neighborStd": 108.09332216241633, "clustering_neighborStd": 0.09152438847780352, "squareClustering_neighborStd": 0.02255641811251148, "closenessVitality_neighborStd": 0.7461870388756405, "constraint_neighborStd": 0.06180519947411092}