{"degree": 20.588, "eigenvectorCentrality": 0.03154732148049473, "betweennessCentrality": 0.0028521299627367177, "closenessCentrality": 0.4189188031483728, "harmonicCentrality": 222.30713333333395, "componentSize": 1.0, "pagerank": 0.002, "coreNumber": 11.058, "onionLayer": 28.738, "effectiveSize": 17.42801563415271, "nodeCliqueNumber": 4.352, "numberOfCliques": 43.61, "clustering": 0.16761914743662418, "squareClustering": 0.08746067801721788, "closenessVitality": 0.976, "constraint": 0.11384808898437475, "degree_neighborMean": 41.34024619492084, "eigenvectorCentrality_neighborMean": 0.05998723208195615, "betweennessCentrality_neighborMean": 0.010303675623936073, "closenessCentrality_neighborMean": 0.4581190775540408, "harmonicCentrality_neighborMean": 245.8843377958012, "componentSize_neighborMean": 1.0, "pagerank_neighborMean": 0.003723782662915226, "coreNumber_neighborMean": 13.991159539755495, "onionLayer_neighborMean": 42.91675562013562, "effectiveSize_neighborMean": 35.91091197768348, "nodeCliqueNumber_neighborMean": 5.3395816656865405, "numberOfCliques_neighborMean": 137.65852597476527, "clustering_neighborMean": 0.15055383702219843, "squareClustering_neighborMean": 0.0839387343495938, "closenessVitality_neighborMean": 0.8815605273104099, "constraint_neighborMean": 0.05870436322642706, "degree_neighborStd": 32.054967837767435, "eigenvectorCentrality_neighborStd": 0.043364563957953094, "betweennessCentrality_neighborStd": 0.01667216777986884, "closenessCentrality_neighborStd": 0.046687946369900236, "harmonicCentrality_neighborStd": 28.22231946697734, "componentSize_neighborStd": 0.0, "pagerank_neighborStd": 0.0026584995591956533, "coreNumber_neighborStd": 2.9723102866346833, "onionLayer_neighborStd": 15.956490712152842, "effectiveSize_neighborStd": 29.093171027428937, "nodeCliqueNumber_neighborStd": 1.3531644150070874, "numberOfCliques_neighborStd": 199.42730778899877, "clustering_neighborStd": 0.06467369347818092, "squareClustering_neighborStd": 0.01904482167818841, "closenessVitality_neighborStd": 0.3150849270355555, "constraint_neighborStd": 0.04132801465730915}