{"degree": 14.8714859437751, "eigenvectorCentrality": 0.03304028055802252, "betweennessCentrality": 0.003165416908759202, "closenessCentrality": 0.3942732938144275, "harmonicCentrality": 208.37128514056283, "componentSize": 1.0, "pagerank": 0.0020080321285140556, "coreNumber": 8.10441767068273, "onionLayer": 23.97590361445783, "effectiveSize": 13.166670385973903, "nodeCliqueNumber": 3.608433734939759, "numberOfCliques": 17.5, "clustering": 0.14865072226181927, "squareClustering": 0.06487912362740292, "closenessVitality": 0.9196787148594381, "constraint": 0.15042862175474842, "degree_neighborMean": 32.828715826493706, "eigenvectorCentrality_neighborMean": 0.06512488497238714, "betweennessCentrality_neighborMean": 0.013282186050656165, "closenessCentrality_neighborMean": 0.4319640499471765, "harmonicCentrality_neighborMean": 231.31215290832984, "componentSize_neighborMean": 1.0, "pagerank_neighborMean": 0.00410257867791196, "coreNumber_neighborMean": 10.09295584874597, "onionLayer_neighborMean": 36.64548668074657, "effectiveSize_neighborMean": 30.054317496437157, "nodeCliqueNumber_neighborMean": 4.20050515574029, "numberOfCliques_neighborMean": 50.52737988792881, "clustering_neighborMean": 0.11712531934008506, "squareClustering_neighborMean": 0.05953889654115873, "closenessVitality_neighborMean": 0.6235428929646519, "constraint_neighborMean": 0.07769492925607917, "degree_neighborStd": 26.725215247374393, "eigenvectorCentrality_neighborStd": 0.04648086469476355, "betweennessCentrality_neighborStd": 0.019138148165038785, "closenessCentrality_neighborStd": 0.04645416020764855, "harmonicCentrality_neighborStd": 28.065061922246546, "componentSize_neighborStd": 0.0, "pagerank_neighborStd": 0.0031144320682477073, "coreNumber_neighborStd": 2.043314436559887, "onionLayer_neighborStd": 14.481125638922544, "effectiveSize_neighborStd": 25.411119350379398, "nodeCliqueNumber_neighborStd": 0.9255781229973001, "numberOfCliques_neighborStd": 56.94767171246583, "clustering_neighborStd": 0.0635860071099994, "squareClustering_neighborStd": 0.013498938572381965, "closenessVitality_neighborStd": 0.6192105965936434, "constraint_neighborStd": 0.05451163557084589}