{"degree": 18.06451612903226, "eigenvectorCentrality": 0.032354377787135805, "betweennessCentrality": 0.0028451387322355067, "closenessCentrality": 0.4220769662702311, "harmonicCentrality": 221.30235215053807, "componentSize": 1.0, "pagerank": 0.0020161290322580645, "coreNumber": 9.588709677419354, "onionLayer": 25.076612903225808, "effectiveSize": 15.26608996173886, "nodeCliqueNumber": 4.487903225806452, "numberOfCliques": 26.860887096774192, "clustering": 0.20179721300235415, "squareClustering": 0.09208797446617593, "closenessVitality": 0.9233870967741935, "constraint": 0.14615961890228313, "degree_neighborMean": 50.603666306863445, "eigenvectorCentrality_neighborMean": 0.07375608807451003, "betweennessCentrality_neighborMean": 0.016618986187529643, "closenessCentrality_neighborMean": 0.46943121545552935, "harmonicCentrality_neighborMean": 251.0384032401658, "componentSize_neighborMean": 1.0, "pagerank_neighborMean": 0.0051868188026985345, "coreNumber_neighborMean": 12.295971083378618, "onionLayer_neighborMean": 39.00777920597599, "effectiveSize_neighborMean": 45.46541470599069, "nodeCliqueNumber_neighborMean": 5.846903982289768, "numberOfCliques_neighborMean": 130.9426403493591, "clustering_neighborMean": 0.1453964224919707, "squareClustering_neighborMean": 0.08267261331185782, "closenessVitality_neighborMean": 0.5841464416912185, "constraint_neighborMean": 0.06303372943603333, "degree_neighborStd": 43.18673257812624, "eigenvectorCentrality_neighborStd": 0.05484302132952231, "betweennessCentrality_neighborStd": 0.02338998507852954, "closenessCentrality_neighborStd": 0.05289706581402835, "harmonicCentrality_neighborStd": 32.89641165687299, "componentSize_neighborStd": 0.0, "pagerank_neighborStd": 0.004190791299636481, "coreNumber_neighborStd": 2.109844533803516, "onionLayer_neighborStd": 12.566563308767323, "effectiveSize_neighborStd": 40.41472180341045, "nodeCliqueNumber_neighborStd": 1.7838754738715874, "numberOfCliques_neighborStd": 184.34828408857632, "clustering_neighborStd": 0.07778878582928911, "squareClustering_neighborStd": 0.017324373988012547, "closenessVitality_neighborStd": 0.6289162774889121, "constraint_neighborStd": 0.04858083535197672}