{"degree": 11.869653767820774, "eigenvectorCentrality": 0.032676530613757575, "betweennessCentrality": 0.0033447767421788854, "closenessCentrality": 0.38548404982180356, "harmonicCentrality": 200.4829599456896, "componentSize": 1.0, "pagerank": 0.002036659877800407, "coreNumber": 6.413441955193482, "onionLayer": 15.961303462321792, "effectiveSize": 10.870764625186444, "nodeCliqueNumber": 2.975560081466395, "numberOfCliques": 12.407331975560082, "clustering": 0.11198305538209234, "squareClustering": 0.07295535921524823, "closenessVitality": 0.9144602851323829, "constraint": 0.19133557493700265, "degree_neighborMean": 38.48240962766332, "eigenvectorCentrality_neighborMean": 0.0783397292043714, "betweennessCentrality_neighborMean": 0.02478897347005633, "closenessCentrality_neighborMean": 0.4273559788138111, "harmonicCentrality_neighborMean": 227.5786363848258, "componentSize_neighborMean": 1.0, "pagerank_neighborMean": 0.006027458357871403, "coreNumber_neighborMean": 8.036637112042232, "onionLayer_neighborMean": 24.274020852027967, "effectiveSize_neighborMean": 36.89377681949488, "nodeCliqueNumber_neighborMean": 3.411531155192922, "numberOfCliques_neighborMean": 48.57773814777815, "clustering_neighborMean": 0.08077540940014698, "squareClustering_neighborMean": 0.06470844826049901, "closenessVitality_neighborMean": 0.5377440506715937, "constraint_neighborMean": 0.08508459350991632, "degree_neighborStd": 36.094644948349924, "eigenvectorCentrality_neighborStd": 0.0627937469626952, "betweennessCentrality_neighborStd": 0.038401960167579116, "closenessCentrality_neighborStd": 0.051334540829201455, "harmonicCentrality_neighborStd": 32.03106141745357, "componentSize_neighborStd": 0.0, "pagerank_neighborStd": 0.005420551518106719, "coreNumber_neighborStd": 1.2612776444533569, "onionLayer_neighborStd": 7.3571746811672805, "effectiveSize_neighborStd": 35.50372188445945, "nodeCliqueNumber_neighborStd": 0.5321272157293252, "numberOfCliques_neighborStd": 55.510961142913374, "clustering_neighborStd": 0.05836001714663721, "squareClustering_neighborStd": 0.01966790122986249, "closenessVitality_neighborStd": 0.6474267226879792, "constraint_neighborStd": 0.06402135418835736}