{"degree": 6.455142231947484, "eigenvectorCentrality": 0.03004329082521357, "betweennessCentrality": 0.005429982125824576, "closenessCentrality": 0.29389488312135625, "harmonicCentrality": 144.57236983779663, "componentSize": 1.0, "pagerank": 0.002188183807439825, "coreNumber": 3.560175054704595, "onionLayer": 11.733041575492342, "effectiveSize": 6.28323028724312, "nodeCliqueNumber": 2.339168490153173, "numberOfCliques": 6.028446389496717, "clustering": 0.039469146939502035, "squareClustering": 0.03495849166041566, "closenessVitality": 0.7680525164113785, "constraint": 0.33791937047576287, "degree_neighborMean": 13.783978565983336, "eigenvectorCentrality_neighborMean": 0.06050197822283794, "betweennessCentrality_neighborMean": 0.0178846345436889, "closenessCentrality_neighborMean": 0.3224334475078369, "harmonicCentrality_neighborMean": 161.35009427117328, "componentSize_neighborMean": 1.0, "pagerank_neighborMean": 0.00436028513304427, "coreNumber_neighborMean": 4.675009955688674, "onionLayer_neighborMean": 18.743442438071202, "effectiveSize_neighborMean": 13.491421427451542, "nodeCliqueNumber_neighborMean": 2.653647446565857, "numberOfCliques_neighborMean": 12.829732190364497, "clustering_neighborMean": 0.028508757101820693, "squareClustering_neighborMean": 0.035458799372103056, "closenessVitality_neighborMean": 0.27520178380094446, "constraint_neighborMean": 0.15698215798449353, "degree_neighborStd": 7.566809720284894, "eigenvectorCentrality_neighborStd": 0.03688588775463992, "betweennessCentrality_neighborStd": 0.014439445764861563, "closenessCentrality_neighborStd": 0.0280867574000202, "harmonicCentrality_neighborStd": 16.364429433743634, "componentSize_neighborStd": 0.0, "pagerank_neighborStd": 0.0021537021282449892, "coreNumber_neighborStd": 0.8724098129251935, "onionLayer_neighborStd": 6.327197824998303, "effectiveSize_neighborStd": 7.437957144514624, "nodeCliqueNumber_neighborStd": 0.4301553879042177, "numberOfCliques_neighborStd": 7.077242235559579, "clustering_neighborStd": 0.0314128228669177, "squareClustering_neighborStd": 0.01519058220932963, "closenessVitality_neighborStd": 0.5818153062237725, "constraint_neighborStd": 0.09376440127743821}