{"degree": 24.788732394366196, "eigenvectorCentrality": 0.03286623971120102, "betweennessCentrality": 0.0025580167220330776, "closenessCentrality": 0.4471866604065333, "harmonicCentrality": 234.53715627095957, "componentSize": 1.0, "pagerank": 0.002012072434607646, "coreNumber": 13.356136820925553, "onionLayer": 29.193158953722335, "effectiveSize": 19.98805981088301, "nodeCliqueNumber": 5.364185110663984, "numberOfCliques": 70.73239436619718, "clustering": 0.22294286040238812, "squareClustering": 0.10548040741246624, "closenessVitality": 0.9678068410462773, "constraint": 0.1015176622290316, "degree_neighborMean": 56.20993763844323, "eigenvectorCentrality_neighborMean": 0.0662551472551828, "betweennessCentrality_neighborMean": 0.012988606485559231, "closenessCentrality_neighborMean": 0.49150038518463285, "harmonicCentrality_neighborMean": 261.38265642539943, "componentSize_neighborMean": 1.0, "pagerank_neighborMean": 0.004222868253067094, "coreNumber_neighborMean": 16.986211299149605, "onionLayer_neighborMean": 42.83524060413946, "effectiveSize_neighborMean": 47.69802797159542, "nodeCliqueNumber_neighborMean": 6.928304297630754, "numberOfCliques_neighborMean": 326.533823955153, "clustering_neighborMean": 0.1900011778198603, "squareClustering_neighborMean": 0.10025429778769787, "closenessVitality_neighborMean": 0.799208015980262, "constraint_neighborMean": 0.050109122106025174, "degree_neighborStd": 50.447971230804136, "eigenvectorCentrality_neighborStd": 0.04991742066379912, "betweennessCentrality_neighborStd": 0.024988230921901007, "closenessCentrality_neighborStd": 0.05596799135886643, "harmonicCentrality_neighborStd": 34.4403719504589, "componentSize_neighborStd": 0.0, "pagerank_neighborStd": 0.003579406459464007, "coreNumber_neighborStd": 3.6196443018467286, "onionLayer_neighborStd": 14.924099482776377, "effectiveSize_neighborStd": 45.73984315532525, "nodeCliqueNumber_neighborStd": 1.967640554609997, "numberOfCliques_neighborStd": 593.1070926201332, "clustering_neighborStd": 0.07331036708721424, "squareClustering_neighborStd": 0.017744585321522604, "closenessVitality_neighborStd": 0.4821615973537076, "constraint_neighborStd": 0.03606211778092945}