{"degree": 7.775051124744376, "eigenvectorCentrality": 0.030557684982624584, "betweennessCentrality": 0.004409580192311783, "closenessCentrality": 0.32284944836694235, "harmonicCentrality": 168.50362255331606, "componentSize": 1.0, "pagerank": 0.002044989775051125, "coreNumber": 4.325153374233129, "onionLayer": 15.43762781186094, "effectiveSize": 7.209684241169332, "nodeCliqueNumber": 2.7627811860940694, "numberOfCliques": 7.120654396728017, "clustering": 0.08585728327308097, "squareClustering": 0.03417336074047197, "closenessVitality": 0.8446543403270433, "constraint": 0.2590450092841508, "degree_neighborMean": 16.893155256162014, "eigenvectorCentrality_neighborMean": 0.0620076788436008, "betweennessCentrality_neighborMean": 0.01930815075160251, "closenessCentrality_neighborMean": 0.3500816962433358, "harmonicCentrality_neighborMean": 185.3394850693419, "componentSize_neighborMean": 1.0, "pagerank_neighborMean": 0.0040985895152249536, "coreNumber_neighborMean": 5.194670258528831, "onionLayer_neighborMean": 22.585652072923445, "effectiveSize_neighborMean": 15.974361703757577, "nodeCliqueNumber_neighborMean": 3.143649826164814, "numberOfCliques_neighborMean": 17.62485897779703, "clustering_neighborMean": 0.07359607062318889, "squareClustering_neighborMean": 0.03178155770458514, "closenessVitality_neighborMean": 0.4888609334871503, "constraint_neighborMean": 0.1388348134078915, "degree_neighborStd": 13.890120698482232, "eigenvectorCentrality_neighborStd": 0.053483817154047736, "betweennessCentrality_neighborStd": 0.028378897699373625, "closenessCentrality_neighborStd": 0.03729816724129847, "harmonicCentrality_neighborStd": 22.540913460288397, "componentSize_neighborStd": 0.0, "pagerank_neighborStd": 0.0030743013732678036, "coreNumber_neighborStd": 0.7839798825905548, "onionLayer_neighborStd": 7.971901073552839, "effectiveSize_neighborStd": 13.423917562050782, "nodeCliqueNumber_neighborStd": 0.5648585650661004, "numberOfCliques_neighborStd": 17.68104560812725, "clustering_neighborStd": 0.05488544307003823, "squareClustering_neighborStd": 0.011863808394260763, "closenessVitality_neighborStd": 0.5559765357924642, "constraint_neighborStd": 0.08147617875137506}