{"degree": 24.837675350701403, "eigenvectorCentrality": 0.0304122817111465, "betweennessCentrality": 0.0026263770905608458, "closenessCentrality": 0.43994950495881163, "harmonicCentrality": 232.27715430861787, "componentSize": 1.0, "pagerank": 0.002004008016032064, "coreNumber": 13.356713426853707, "onionLayer": 28.028056112224448, "effectiveSize": 18.84062558953412, "nodeCliqueNumber": 6.404809619238477, "numberOfCliques": 140.23246492985973, "clustering": 0.2847097250942193, "squareClustering": 0.1448411998852499, "closenessVitality": 0.9559118236472945, "constraint": 0.12383357231895012, "degree_neighborMean": 65.05719239579695, "eigenvectorCentrality_neighborMean": 0.07104643507171336, "betweennessCentrality_neighborMean": 0.012993954080284274, "closenessCentrality_neighborMean": 0.4972542951117317, "harmonicCentrality_neighborMean": 267.3374474223924, "componentSize_neighborMean": 1.0, "pagerank_neighborMean": 0.004863430877082198, "coreNumber_neighborMean": 20.27619923832747, "onionLayer_neighborMean": 50.43918798987096, "effectiveSize_neighborMean": 52.371423929847204, "nodeCliqueNumber_neighborMean": 10.00042654694539, "numberOfCliques_neighborMean": 675.9504247329606, "clustering_neighborMean": 0.22565509520748928, "squareClustering_neighborMean": 0.13139932461054346, "closenessVitality_neighborMean": 0.7254106031202954, "constraint_neighborMean": 0.04865903029473804, "degree_neighborStd": 42.9575668499079, "eigenvectorCentrality_neighborStd": 0.04350281617243316, "betweennessCentrality_neighborStd": 0.015537815149522504, "closenessCentrality_neighborStd": 0.051778222050315376, "harmonicCentrality_neighborStd": 31.965258306678802, "componentSize_neighborStd": 0.0, "pagerank_neighborStd": 0.003085492307793955, "coreNumber_neighborStd": 5.261592843582405, "onionLayer_neighborStd": 18.668711943879035, "effectiveSize_neighborStd": 36.659102967884394, "nodeCliqueNumber_neighborStd": 3.6765222423974064, "numberOfCliques_neighborStd": 865.1831271103235, "clustering_neighborStd": 0.0846243980379443, "squareClustering_neighborStd": 0.028292633230406414, "closenessVitality_neighborStd": 0.5294603533604205, "constraint_neighborStd": 0.03894875560379393}