{"degree": 16.614141414141415, "eigenvectorCentrality": 0.032159712695127206, "betweennessCentrality": 0.003088094899774199, "closenessCentrality": 0.40156563799601225, "harmonicCentrality": 210.96309764309822, "componentSize": 1.0, "pagerank": 0.00202020202020202, "coreNumber": 8.993939393939394, "onionLayer": 23.925252525252525, "effectiveSize": 14.814735127857874, "nodeCliqueNumber": 3.624242424242424, "numberOfCliques": 22.276767676767676, "clustering": 0.12834254222648442, "squareClustering": 0.07453663502369108, "closenessVitality": 0.9515151515151515, "constraint": 0.143965348041569, "degree_neighborMean": 36.032535968684165, "eigenvectorCentrality_neighborMean": 0.06394970450522212, "betweennessCentrality_neighborMean": 0.011547258835522526, "closenessCentrality_neighborMean": 0.4418449389250273, "harmonicCentrality_neighborMean": 235.39225374002226, "componentSize_neighborMean": 1.0, "pagerank_neighborMean": 0.004077524767864009, "coreNumber_neighborMean": 11.817424071477868, "onionLayer_neighborMean": 37.11496450496278, "effectiveSize_neighborMean": 32.770433818150096, "nodeCliqueNumber_neighborMean": 4.448768873755553, "numberOfCliques_neighborMean": 65.4471528902226, "clustering_neighborMean": 0.10702186596469787, "squareClustering_neighborMean": 0.06887879797901504, "closenessVitality_neighborMean": 0.7554414617245235, "constraint_neighborMean": 0.06556643699103068, "degree_neighborStd": 24.583214340980252, "eigenvectorCentrality_neighborStd": 0.0411008658217971, "betweennessCentrality_neighborStd": 0.01395186219098964, "closenessCentrality_neighborStd": 0.0431313070490108, "harmonicCentrality_neighborStd": 25.730986053281185, "componentSize_neighborStd": 0.0, "pagerank_neighborStd": 0.0025938756497649314, "coreNumber_neighborStd": 2.397285710859229, "onionLayer_neighborStd": 12.340697649282767, "effectiveSize_neighborStd": 22.86977043108493, "nodeCliqueNumber_neighborStd": 1.0592738446025758, "numberOfCliques_neighborStd": 74.43633116305958, "clustering_neighborStd": 0.05445567218409111, "squareClustering_neighborStd": 0.01564387835473555, "closenessVitality_neighborStd": 0.4796996202581111, "constraint_neighborStd": 0.04910827303259242}