{"degree": 18.877263581488933, "eigenvectorCentrality": 0.032649395932737184, "betweennessCentrality": 0.002982099177010581, "closenessCentrality": 0.4092291156416309, "harmonicCentrality": 216.1331991951716, "componentSize": 1.0, "pagerank": 0.0020120724346076465, "coreNumber": 10.124748490945674, "onionLayer": 28.875251509054326, "effectiveSize": 16.88581390598629, "nodeCliqueNumber": 3.7947686116700203, "numberOfCliques": 27.209255533199194, "clustering": 0.11511015599176429, "squareClustering": 0.09021618575531079, "closenessVitality": 0.9517102615611222, "constraint": 0.12740426689992534, "degree_neighborMean": 38.96221760276529, "eigenvectorCentrality_neighborMean": 0.06278555052802419, "betweennessCentrality_neighborMean": 0.010619497153363501, "closenessCentrality_neighborMean": 0.4491895391455283, "harmonicCentrality_neighborMean": 240.3160214836362, "componentSize_neighborMean": 1.0, "pagerank_neighborMean": 0.003869341796514663, "coreNumber_neighborMean": 12.892338653382708, "onionLayer_neighborMean": 44.56597058128461, "effectiveSize_neighborMean": 35.36079851770964, "nodeCliqueNumber_neighborMean": 4.7584699164870745, "numberOfCliques_neighborMean": 78.18831611869481, "clustering_neighborMean": 0.10309696146448565, "squareClustering_neighborMean": 0.08172772563231885, "closenessVitality_neighborMean": 0.7905851519719471, "constraint_neighborMean": 0.05666793708884538, "degree_neighborStd": 27.627431565460036, "eigenvectorCentrality_neighborStd": 0.04134562515798018, "betweennessCentrality_neighborStd": 0.014509662378886326, "closenessCentrality_neighborStd": 0.043900732207370244, "harmonicCentrality_neighborStd": 26.339558266559575, "componentSize_neighborStd": 0.0, "pagerank_neighborStd": 0.0025268229561297463, "coreNumber_neighborStd": 2.246441315286656, "onionLayer_neighborStd": 15.073373997728448, "effectiveSize_neighborStd": 25.61018783050648, "nodeCliqueNumber_neighborStd": 1.1972167795440287, "numberOfCliques_neighborStd": 99.39138004953551, "clustering_neighborStd": 0.0502452947186301, "squareClustering_neighborStd": 0.016733196166825386, "closenessVitality_neighborStd": 0.4342344990391007, "constraint_neighborStd": 0.040761248644477235}