{"degree": 9.89409368635438, "eigenvectorCentrality": 0.03139590126679581, "betweennessCentrality": 0.003724280061005448, "closenessCentrality": 0.36016708931883834, "harmonicCentrality": 187.74276985743427, "componentSize": 1.0, "pagerank": 0.002036659877800407, "coreNumber": 5.260692464358452, "onionLayer": 15.657841140529532, "effectiveSize": 8.972593602137907, "nodeCliqueNumber": 3.0285132382892055, "numberOfCliques": 9.826883910386965, "clustering": 0.13127253235394043, "squareClustering": 0.05738096439337314, "closenessVitality": 0.8818737270875764, "constraint": 0.22126100842995064, "degree_neighborMean": 26.720854460647413, "eigenvectorCentrality_neighborMean": 0.07110983875521347, "betweennessCentrality_neighborMean": 0.023660446720314646, "closenessCentrality_neighborMean": 0.3977275971014089, "harmonicCentrality_neighborMean": 210.86480674029028, "componentSize_neighborMean": 1.0, "pagerank_neighborMean": 0.005041350007676008, "coreNumber_neighborMean": 6.3571926108791565, "onionLayer_neighborMean": 26.343085615238586, "effectiveSize_neighborMean": 25.162549835421878, "nodeCliqueNumber_neighborMean": 3.567529095529668, "numberOfCliques_neighborMean": 36.08101809864539, "clustering_neighborMean": 0.09324457351691319, "squareClustering_neighborMean": 0.050339660049467036, "closenessVitality_neighborMean": 0.4928448924421453, "constraint_neighborMean": 0.10540757679958217, "degree_neighborStd": 25.517136367559804, "eigenvectorCentrality_neighborStd": 0.06154581959033577, "betweennessCentrality_neighborStd": 0.04045842050077353, "closenessCentrality_neighborStd": 0.04745443026917267, "harmonicCentrality_neighborStd": 28.47575761100901, "componentSize_neighborStd": 0.0, "pagerank_neighborStd": 0.004516094003190426, "coreNumber_neighborStd": 0.8575731275875688, "onionLayer_neighborStd": 11.781081298843082, "effectiveSize_neighborStd": 24.743175639829097, "nodeCliqueNumber_neighborStd": 0.7364318005059414, "numberOfCliques_neighborStd": 48.27035538894738, "clustering_neighborStd": 0.06917267690024467, "squareClustering_neighborStd": 0.016013590577265473, "closenessVitality_neighborStd": 0.627631227150307, "constraint_neighborStd": 0.07096608567603041}