{"degree": 13.234817813765183, "eigenvectorCentrality": 0.030827015161803577, "betweennessCentrality": 0.0034728154600201515, "closenessCentrality": 0.3749647129724259, "harmonicCentrality": 197.15620782726097, "componentSize": 1.0, "pagerank": 0.0020242914979757085, "coreNumber": 7.02834008097166, "onionLayer": 19.601214574898787, "effectiveSize": 11.90709695763648, "nodeCliqueNumber": 3.2611336032388665, "numberOfCliques": 15.973684210526315, "clustering": 0.10584207820493352, "squareClustering": 0.06163385397567267, "closenessVitality": 0.8947368421052632, "constraint": 0.18568619443483986, "degree_neighborMean": 28.799947565255735, "eigenvectorCentrality_neighborMean": 0.06210301208555758, "betweennessCentrality_neighborMean": 0.01315389683104688, "closenessCentrality_neighborMean": 0.41180435237177804, "harmonicCentrality_neighborMean": 219.69133967798135, "componentSize_neighborMean": 1.0, "pagerank_neighborMean": 0.004073434519822941, "coreNumber_neighborMean": 8.779112501433632, "onionLayer_neighborMean": 30.100210200803726, "effectiveSize_neighborMean": 26.442692028766007, "nodeCliqueNumber_neighborMean": 3.9181911073429108, "numberOfCliques_neighborMean": 45.372957324985606, "clustering_neighborMean": 0.09633192623618525, "squareClustering_neighborMean": 0.058793812590670416, "closenessVitality_neighborMean": 0.5745105532907392, "constraint_neighborMean": 0.08563022503518448, "degree_neighborStd": 21.80287123213691, "eigenvectorCentrality_neighborStd": 0.045979955203237145, "betweennessCentrality_neighborStd": 0.01656873954179574, "closenessCentrality_neighborStd": 0.04282825605433497, "harmonicCentrality_neighborStd": 25.89978908825494, "componentSize_neighborStd": 0.0, "pagerank_neighborStd": 0.0028239784864381202, "coreNumber_neighborStd": 1.5179875517886827, "onionLayer_neighborStd": 11.55618108412219, "effectiveSize_neighborStd": 20.54058143538614, "nodeCliqueNumber_neighborStd": 0.8595144963837221, "numberOfCliques_neighborStd": 49.31223280313356, "clustering_neighborStd": 0.057410216492850386, "squareClustering_neighborStd": 0.016459098243431978, "closenessVitality_neighborStd": 0.6065998706322501, "constraint_neighborStd": 0.06051670057507591}