{"degree": 10.564315352697095, "eigenvectorCentrality": 0.028004587324442554, "betweennessCentrality": 0.004224806117959645, "closenessCentrality": 0.3380411218206933, "harmonicCentrality": 175.4960086939342, "componentSize": 1.0, "pagerank": 0.002074688796680498, "coreNumber": 5.655601659751038, "onionLayer": 17.981327800829874, "effectiveSize": 9.435622199018928, "nodeCliqueNumber": 3.1493775933609958, "numberOfCliques": 12.344398340248963, "clustering": 0.11489585147579265, "squareClustering": 0.08682903965480568, "closenessVitality": 0.8091286307053942, "constraint": 0.26569742051981415, "degree_neighborMean": 27.24587285679582, "eigenvectorCentrality_neighborMean": 0.06324447121587107, "betweennessCentrality_neighborMean": 0.017639667956345726, "closenessCentrality_neighborMean": 0.37522947896219805, "harmonicCentrality_neighborMean": 199.39089103047235, "componentSize_neighborMean": 1.0, "pagerank_neighborMean": 0.004870453450472268, "coreNumber_neighborMean": 8.14537851122698, "onionLayer_neighborMean": 30.257785448300684, "effectiveSize_neighborMean": 24.984497549594092, "nodeCliqueNumber_neighborMean": 4.046442647055857, "numberOfCliques_neighborMean": 38.69466619216543, "clustering_neighborMean": 0.09778971535601744, "squareClustering_neighborMean": 0.0797279597782916, "closenessVitality_neighborMean": 0.3491441189219537, "constraint_neighborMean": 0.10903291713831532, "degree_neighborStd": 17.8923422417885, "eigenvectorCentrality_neighborStd": 0.04011286889891509, "betweennessCentrality_neighborStd": 0.017792378661726817, "closenessCentrality_neighborStd": 0.03555183030034465, "harmonicCentrality_neighborStd": 22.45969826891863, "componentSize_neighborStd": 0.0, "pagerank_neighborStd": 0.002938977623733801, "coreNumber_neighborStd": 1.9056572385467654, "onionLayer_neighborStd": 10.54619958902622, "effectiveSize_neighborStd": 16.883241669722697, "nodeCliqueNumber_neighborStd": 1.1349201406272624, "numberOfCliques_neighborStd": 37.7816579082268, "clustering_neighborStd": 0.06337307856771049, "squareClustering_neighborStd": 0.02595474594467185, "closenessVitality_neighborStd": 0.6449273018196049, "constraint_neighborStd": 0.07501537624824492}