{"degree": 18.0561122244489, "eigenvectorCentrality": 0.03408573514119342, "betweennessCentrality": 0.0029886281819981224, "closenessCentrality": 0.4070306060280999, "harmonicCentrality": 215.9186372745497, "componentSize": 1.0, "pagerank": 0.002004008016032064, "coreNumber": 9.801603206412826, "onionLayer": 25.501002004008015, "effectiveSize": 16.10713093346701, "nodeCliqueNumber": 3.7394789579158316, "numberOfCliques": 23.250501002004007, "clustering": 0.1277355856292501, "squareClustering": 0.07379161404616806, "closenessVitality": 0.9719438877755511, "constraint": 0.12114728715766263, "degree_neighborMean": 35.59750283299048, "eigenvectorCentrality_neighborMean": 0.06094644909074403, "betweennessCentrality_neighborMean": 0.010063460829200859, "closenessCentrality_neighborMean": 0.44065158385661507, "harmonicCentrality_neighborMean": 236.8359900094136, "componentSize_neighborMean": 1.0, "pagerank_neighborMean": 0.0037065549112589025, "coreNumber_neighborMean": 12.107184876720304, "onionLayer_neighborMean": 38.22547864053805, "effectiveSize_neighborMean": 32.4497351745737, "nodeCliqueNumber_neighborMean": 4.384349517332436, "numberOfCliques_neighborMean": 56.77498263855904, "clustering_neighborMean": 0.10743155883430422, "squareClustering_neighborMean": 0.06724296864117245, "closenessVitality_neighborMean": 0.8619347850583965, "constraint_neighborMean": 0.06166053031139956, "degree_neighborStd": 24.104547571338585, "eigenvectorCentrality_neighborStd": 0.037050946811968195, "betweennessCentrality_neighborStd": 0.013413667437892735, "closenessCentrality_neighborStd": 0.04094761718037195, "harmonicCentrality_neighborStd": 24.741783894297832, "componentSize_neighborStd": 0.0, "pagerank_neighborStd": 0.0023409845825023987, "coreNumber_neighborStd": 2.11443069555394, "onionLayer_neighborStd": 13.765370667210679, "effectiveSize_neighborStd": 22.752165734088617, "nodeCliqueNumber_neighborStd": 0.8949339292863661, "numberOfCliques_neighborStd": 54.081007468730085, "clustering_neighborStd": 0.05189938702042656, "squareClustering_neighborStd": 0.014888341937710253, "closenessVitality_neighborStd": 0.3329527166059516, "constraint_neighborStd": 0.043016070339208685}