{"degree": 8.124223602484472, "eigenvectorCentrality": 0.03026510982321232, "betweennessCentrality": 0.004323962830186897, "closenessCentrality": 0.3301353624717818, "harmonicCentrality": 169.95608794242358, "componentSize": 1.0, "pagerank": 0.0020703933747412005, "coreNumber": 4.422360248447205, "onionLayer": 11.869565217391305, "effectiveSize": 7.570373858975559, "nodeCliqueNumber": 2.7080745341614905, "numberOfCliques": 7.6728778467908905, "clustering": 0.0809418241269843, "squareClustering": 0.03929983558431026, "closenessVitality": 0.8219461697722568, "constraint": 0.2792528246661861, "degree_neighborMean": 19.372089760431777, "eigenvectorCentrality_neighborMean": 0.06483325423856483, "betweennessCentrality_neighborMean": 0.01877771623495288, "closenessCentrality_neighborMean": 0.3637795385564227, "harmonicCentrality_neighborMean": 190.48817654462798, "componentSize_neighborMean": 1.0, "pagerank_neighborMean": 0.00454938152875841, "coreNumber_neighborMean": 5.752890292916439, "onionLayer_neighborMean": 18.988184714304815, "effectiveSize_neighborMean": 18.3750328400381, "nodeCliqueNumber_neighborMean": 3.1983045126278, "numberOfCliques_neighborMean": 20.1555857706254, "clustering_neighborMean": 0.06702148808068162, "squareClustering_neighborMean": 0.0378263040171065, "closenessVitality_neighborMean": 0.38215174186189016, "constraint_neighborMean": 0.12837595829082984, "degree_neighborStd": 13.810497407859442, "eigenvectorCentrality_neighborStd": 0.04479027583404533, "betweennessCentrality_neighborStd": 0.02237110558555453, "closenessCentrality_neighborStd": 0.03601554272253328, "harmonicCentrality_neighborStd": 21.804868920997563, "componentSize_neighborStd": 0.0, "pagerank_neighborStd": 0.0030141877940421946, "coreNumber_neighborStd": 1.0690913121644392, "onionLayer_neighborStd": 6.567807044644048, "effectiveSize_neighborStd": 13.344185838637184, "nodeCliqueNumber_neighborStd": 0.580486225204432, "numberOfCliques_neighborStd": 16.64844335667652, "clustering_neighborStd": 0.05138384436467202, "squareClustering_neighborStd": 0.013923851222316302, "closenessVitality_neighborStd": 0.6053438339531972, "constraint_neighborStd": 0.08398775867660377}