{"degree": 20.88755020080321, "eigenvectorCentrality": 0.0318797800118872, "betweennessCentrality": 0.0027601155579675745, "closenessCentrality": 0.42999402003048814, "harmonicCentrality": 226.55207496653327, "componentSize": 1.0, "pagerank": 0.002008032128514056, "coreNumber": 11.124497991967871, "onionLayer": 27.8574297188755, "effectiveSize": 16.881464615241615, "nodeCliqueNumber": 5.391566265060241, "numberOfCliques": 44.04819277108434, "clustering": 0.23135358459716396, "squareClustering": 0.11059803468535431, "closenessVitality": 0.9036144578313253, "constraint": 0.14887530972990146, "degree_neighborMean": 56.88382036250744, "eigenvectorCentrality_neighborMean": 0.07240597353852349, "betweennessCentrality_neighborMean": 0.01685856595981306, "closenessCentrality_neighborMean": 0.4811039044551601, "harmonicCentrality_neighborMean": 258.28730185875384, "componentSize_neighborMean": 1.0, "pagerank_neighborMean": 0.005018492015730228, "coreNumber_neighborMean": 14.856580957917409, "onionLayer_neighborMean": 46.07496782477998, "effectiveSize_neighborMean": 49.198497527853675, "nodeCliqueNumber_neighborMean": 7.504332755951822, "numberOfCliques_neighborMean": 251.72016322213545, "clustering_neighborMean": 0.18454932770610671, "squareClustering_neighborMean": 0.10193202063604975, "closenessVitality_neighborMean": 0.618208420367002, "constraint_neighborMean": 0.06065451615484428, "degree_neighborStd": 51.50808376071696, "eigenvectorCentrality_neighborStd": 0.05411086791359038, "betweennessCentrality_neighborStd": 0.028058990621388964, "closenessCentrality_neighborStd": 0.055642318276666825, "harmonicCentrality_neighborStd": 35.20023429009906, "componentSize_neighborStd": 0.0, "pagerank_neighborStd": 0.004329286709343237, "coreNumber_neighborStd": 3.0827662548270753, "onionLayer_neighborStd": 17.273227735319, "effectiveSize_neighborStd": 47.35915504593636, "nodeCliqueNumber_neighborStd": 2.510891964206941, "numberOfCliques_neighborStd": 409.0449858544041, "clustering_neighborStd": 0.08313091069802372, "squareClustering_neighborStd": 0.0205842362376845, "closenessVitality_neighborStd": 0.5998222002682368, "constraint_neighborStd": 0.04721721512572595}