{"degree": 11.449392712550607, "eigenvectorCentrality": 0.030886289315739623, "betweennessCentrality": 0.0032238308438877635, "closenessCentrality": 0.39438601737343476, "harmonicCentrality": 205.57941970310432, "componentSize": 1.0, "pagerank": 0.0020242914979757085, "coreNumber": 6.080971659919029, "onionLayer": 16.844129554655872, "effectiveSize": 9.530470774873834, "nodeCliqueNumber": 3.8562753036437245, "numberOfCliques": 13.196356275303645, "clustering": 0.24409241076291147, "squareClustering": 0.0914989746816821, "closenessVitality": 0.8744939271255061, "constraint": 0.2244878536526632, "degree_neighborMean": 50.39086474623987, "eigenvectorCentrality_neighborMean": 0.09229585250641954, "betweennessCentrality_neighborMean": 0.03503895177147764, "closenessCentrality_neighborMean": 0.453567557743117, "harmonicCentrality_neighborMean": 242.39687602760722, "componentSize_neighborMean": 1.0, "pagerank_neighborMean": 0.00805338176561813, "coreNumber_neighborMean": 8.230011819894887, "onionLayer_neighborMean": 27.95567596673488, "effectiveSize_neighborMean": 46.66763744979018, "nodeCliqueNumber_neighborMean": 5.0954614586319895, "numberOfCliques_neighborMean": 96.66428954850883, "clustering_neighborMean": 0.15721051056091648, "squareClustering_neighborMean": 0.07543957759382908, "closenessVitality_neighborMean": 0.39467283892578814, "constraint_neighborMean": 0.09657810455290748, "degree_neighborStd": 48.99381545394393, "eigenvectorCentrality_neighborStd": 0.07440469518596143, "betweennessCentrality_neighborStd": 0.05136175671719119, "closenessCentrality_neighborStd": 0.06293726319049753, "harmonicCentrality_neighborStd": 38.72500036708463, "componentSize_neighborStd": 0.0, "pagerank_neighborStd": 0.0075984429386768875, "coreNumber_neighborStd": 1.5683123282067593, "onionLayer_neighborStd": 8.839923947257615, "effectiveSize_neighborStd": 47.24351038137351, "nodeCliqueNumber_neighborStd": 1.2874354261191268, "numberOfCliques_neighborStd": 122.63741688122504, "clustering_neighborStd": 0.09953746371556632, "squareClustering_neighborStd": 0.02206704773868069, "closenessVitality_neighborStd": 0.6704112041600866, "constraint_neighborStd": 0.0713147701515513}