{"degree": 8.64765784114053, "eigenvectorCentrality": 0.033032745838072156, "betweennessCentrality": 0.0042108310593988825, "closenessCentrality": 0.3313644177200319, "harmonicCentrality": 173.37616138104963, "componentSize": 1.0, "pagerank": 0.002036659877800407, "coreNumber": 4.794297352342159, "onionLayer": 13.676171079429736, "effectiveSize": 8.126188117770269, "nodeCliqueNumber": 2.704684317718941, "numberOfCliques": 7.9837067209775965, "clustering": 0.07655754295501106, "squareClustering": 0.043130143300257044, "closenessVitality": 0.869653767820774, "constraint": 0.24186878563386163, "degree_neighborMean": 17.571836600153187, "eigenvectorCentrality_neighborMean": 0.06232303612837449, "betweennessCentrality_neighborMean": 0.01484104860699852, "closenessCentrality_neighborMean": 0.3601364061550943, "harmonicCentrality_neighborMean": 191.08854357610355, "componentSize_neighborMean": 1.0, "pagerank_neighborMean": 0.0038753574233392667, "coreNumber_neighborMean": 5.92753526556394, "onionLayer_neighborMean": 19.670639820346857, "effectiveSize_neighborMean": 16.77336714340812, "nodeCliqueNumber_neighborMean": 3.067786956360547, "numberOfCliques_neighborMean": 16.799814097115483, "clustering_neighborMean": 0.06472160964707489, "squareClustering_neighborMean": 0.03732176577848245, "closenessVitality_neighborMean": 0.5243501772592984, "constraint_neighborMean": 0.1236129442285682, "degree_neighborStd": 11.265962167180328, "eigenvectorCentrality_neighborStd": 0.03984414591747009, "betweennessCentrality_neighborStd": 0.016282115949367244, "closenessCentrality_neighborStd": 0.03366725508414124, "harmonicCentrality_neighborStd": 20.421016462094823, "componentSize_neighborStd": 0.0, "pagerank_neighborStd": 0.002296762264605503, "coreNumber_neighborStd": 1.015490036489052, "onionLayer_neighborStd": 6.048569193523945, "effectiveSize_neighborStd": 10.958721055020167, "nodeCliqueNumber_neighborStd": 0.5262067599314786, "numberOfCliques_neighborStd": 11.57105676404255, "clustering_neighborStd": 0.051504851438162386, "squareClustering_neighborStd": 0.014554435769691702, "closenessVitality_neighborStd": 0.5582855217832856, "constraint_neighborStd": 0.0779591599338799}