{"degree": 7.094420600858369, "eigenvectorCentrality": 0.03063987115462774, "betweennessCentrality": 0.004967389453549564, "closenessCentrality": 0.3080973197358992, "harmonicCentrality": 154.05332107091775, "componentSize": 1.0, "pagerank": 0.002145922746781116, "coreNumber": 3.832618025751073, "onionLayer": 11.126609442060087, "effectiveSize": 6.753483326759211, "nodeCliqueNumber": 2.5107296137339055, "numberOfCliques": 6.5965665236051505, "clustering": 0.06465219222510288, "squareClustering": 0.04256778331168036, "closenessVitality": 0.7682403433476395, "constraint": 0.31255681422200426, "degree_neighborMean": 15.868523277488453, "eigenvectorCentrality_neighborMean": 0.06171460825169876, "betweennessCentrality_neighborMean": 0.016813351564301953, "closenessCentrality_neighborMean": 0.33798722858209185, "harmonicCentrality_neighborMean": 172.10052788281553, "componentSize_neighborMean": 1.0, "pagerank_neighborMean": 0.004439401505832066, "coreNumber_neighborMean": 4.9547743259631005, "onionLayer_neighborMean": 18.143156048554467, "effectiveSize_neighborMean": 15.275768561963247, "nodeCliqueNumber_neighborMean": 2.895300672149361, "numberOfCliques_neighborMean": 15.054591676245522, "clustering_neighborMean": 0.05000745460597454, "squareClustering_neighborMean": 0.042577270337020884, "closenessVitality_neighborMean": 0.26483814891004365, "constraint_neighborMean": 0.14824417976490004, "degree_neighborStd": 9.393231876860423, "eigenvectorCentrality_neighborStd": 0.037840870481120836, "betweennessCentrality_neighborStd": 0.014803496098676488, "closenessCentrality_neighborStd": 0.029228675909504807, "harmonicCentrality_neighborStd": 17.50577777792188, "componentSize_neighborStd": 0.0, "pagerank_neighborStd": 0.002388430468865275, "coreNumber_neighborStd": 0.8466920814897803, "onionLayer_neighborStd": 6.452089405868617, "effectiveSize_neighborStd": 9.108943025658077, "nodeCliqueNumber_neighborStd": 0.48400610720701015, "numberOfCliques_neighborStd": 9.453000176833648, "clustering_neighborStd": 0.044686035090434034, "squareClustering_neighborStd": 0.018797364267521304, "closenessVitality_neighborStd": 0.6267396666740902, "constraint_neighborStd": 0.09257161316407606}