{"degree": 11.635627530364372, "eigenvectorCentrality": 0.031598352977129526, "betweennessCentrality": 0.0033101250361116997, "closenessCentrality": 0.38631646004981784, "harmonicCentrality": 201.87361673414355, "componentSize": 1.0, "pagerank": 0.002024291497975709, "coreNumber": 6.232793522267206, "onionLayer": 16.842105263157894, "effectiveSize": 9.972248179850602, "nodeCliqueNumber": 3.5789473684210527, "numberOfCliques": 13.004048582995951, "clustering": 0.19696032710406036, "squareClustering": 0.06160955783984403, "closenessVitality": 0.8947368421052632, "constraint": 0.1993369200761035, "degree_neighborMean": 36.34844150300819, "eigenvectorCentrality_neighborMean": 0.07730897504020456, "betweennessCentrality_neighborMean": 0.02456652619212291, "closenessCentrality_neighborMean": 0.4302507640208374, "harmonicCentrality_neighborMean": 229.07355859126872, "componentSize_neighborMean": 1.0, "pagerank_neighborMean": 0.005756994271190247, "coreNumber_neighborMean": 7.704354767420498, "onionLayer_neighborMean": 25.125774451119096, "effectiveSize_neighborMean": 33.489542214617444, "nodeCliqueNumber_neighborMean": 4.343007678004164, "numberOfCliques_neighborMean": 61.08770891424145, "clustering_neighborMean": 0.14096179635998007, "squareClustering_neighborMean": 0.05549145389294943, "closenessVitality_neighborMean": 0.46371777341859566, "constraint_neighborMean": 0.09732844892977335, "degree_neighborStd": 35.68260355828463, "eigenvectorCentrality_neighborStd": 0.06449123235950462, "betweennessCentrality_neighborStd": 0.03734215476662036, "closenessCentrality_neighborStd": 0.05466557188279931, "harmonicCentrality_neighborStd": 33.42003576015567, "componentSize_neighborStd": 0.0, "pagerank_neighborStd": 0.005393127368593949, "coreNumber_neighborStd": 1.2683443570128854, "onionLayer_neighborStd": 8.00854729447723, "effectiveSize_neighborStd": 34.337032677247755, "nodeCliqueNumber_neighborStd": 0.958835918313952, "numberOfCliques_neighborStd": 79.18189017175857, "clustering_neighborStd": 0.08604699213965768, "squareClustering_neighborStd": 0.014851324223531201, "closenessVitality_neighborStd": 0.6716423651722425, "constraint_neighborStd": 0.06619016577765183}