{"degree": 9.639004149377593, "eigenvectorCentrality": 0.027992345534105522, "betweennessCentrality": 0.004536602513780936, "closenessCentrality": 0.3231444371360733, "harmonicCentrality": 168.5658977145494, "componentSize": 1.0, "pagerank": 0.002074688796680498, "coreNumber": 5.253112033195021, "onionLayer": 18.40871369294606, "effectiveSize": 8.861812715307417, "nodeCliqueNumber": 2.8340248962655603, "numberOfCliques": 10.195020746887966, "clustering": 0.08352433261272646, "squareClustering": 0.05247696803950932, "closenessVitality": 0.8464716375513259, "constraint": 0.25396290800384513, "degree_neighborMean": 19.362817958166502, "eigenvectorCentrality_neighborMean": 0.05481966902752282, "betweennessCentrality_neighborMean": 0.014004122843234304, "closenessCentrality_neighborMean": 0.3518083120091463, "harmonicCentrality_neighborMean": 186.4727309895541, "componentSize_neighborMean": 1.0, "pagerank_neighborMean": 0.003827214973331382, "coreNumber_neighborMean": 6.884360051558202, "onionLayer_neighborMean": 28.466189876490397, "effectiveSize_neighborMean": 18.001813171040958, "nodeCliqueNumber_neighborMean": 3.316506495871474, "numberOfCliques_neighborMean": 23.696112038692124, "clustering_neighborMean": 0.07395200778490288, "squareClustering_neighborMean": 0.05265021996850122, "closenessVitality_neighborMean": 0.5298164145397358, "constraint_neighborMean": 0.12830386467139462, "degree_neighborStd": 12.69048839319648, "eigenvectorCentrality_neighborStd": 0.03877202725950128, "betweennessCentrality_neighborStd": 0.01493651047021333, "closenessCentrality_neighborStd": 0.033675005897775966, "harmonicCentrality_neighborStd": 20.819695602991494, "componentSize_neighborStd": 0.0, "pagerank_neighborStd": 0.0021979020146277502, "coreNumber_neighborStd": 1.6853991873556995, "onionLayer_neighborStd": 11.364443795891033, "effectiveSize_neighborStd": 11.984750933420406, "nodeCliqueNumber_neighborStd": 0.6589417239435381, "numberOfCliques_neighborStd": 19.8723940091685, "clustering_neighborStd": 0.049906369242934345, "squareClustering_neighborStd": 0.020468539403417307, "closenessVitality_neighborStd": 0.5244090553575474, "constraint_neighborStd": 0.07959362109143366}