{"degree": 14.506072874493928, "eigenvectorCentrality": 0.029932837625693452, "betweennessCentrality": 0.0032568796834628877, "closenessCentrality": 0.3906085065209869, "harmonicCentrality": 204.8008097165998, "componentSize": 1.0, "pagerank": 0.002024291497975708, "coreNumber": 7.753036437246964, "onionLayer": 18.15182186234818, "effectiveSize": 12.462065889435591, "nodeCliqueNumber": 3.98582995951417, "numberOfCliques": 21.267206477732792, "clustering": 0.14855837283660236, "squareClustering": 0.07910511033171586, "closenessVitality": 0.9271255060728745, "constraint": 0.16910930869411378, "degree_neighborMean": 36.38610219366878, "eigenvectorCentrality_neighborMean": 0.06831135566887747, "betweennessCentrality_neighborMean": 0.015585648915777562, "closenessCentrality_neighborMean": 0.4358102730396096, "harmonicCentrality_neighborMean": 231.9178065232732, "componentSize_neighborMean": 1.0, "pagerank_neighborMean": 0.004633309548337717, "coreNumber_neighborMean": 10.594330336914219, "onionLayer_neighborMean": 29.393495408899035, "effectiveSize_neighborMean": 32.130703976638685, "nodeCliqueNumber_neighborMean": 5.535398346675508, "numberOfCliques_neighborMean": 88.48392609089525, "clustering_neighborMean": 0.13427967802896876, "squareClustering_neighborMean": 0.07439503491409276, "closenessVitality_neighborMean": 0.6373523639071571, "constraint_neighborMean": 0.07843945086005046, "degree_neighborStd": 30.245917341519153, "eigenvectorCentrality_neighborStd": 0.05190771525670553, "betweennessCentrality_neighborStd": 0.021682278810997373, "closenessCentrality_neighborStd": 0.05051387852419948, "harmonicCentrality_neighborStd": 30.235071874808693, "componentSize_neighborStd": 0.0, "pagerank_neighborStd": 0.0035782057828333386, "coreNumber_neighborStd": 2.5895759885097624, "onionLayer_neighborStd": 11.094445579059961, "effectiveSize_neighborStd": 27.571226774365975, "nodeCliqueNumber_neighborStd": 1.8500536279687367, "numberOfCliques_neighborStd": 122.03993333123837, "clustering_neighborStd": 0.06436574680322919, "squareClustering_neighborStd": 0.017983420432857628, "closenessVitality_neighborStd": 0.5825520500183925, "constraint_neighborStd": 0.05484704242364437}