{"degree": 6.995762711864407, "eigenvectorCentrality": 0.030719184849983518, "betweennessCentrality": 0.00486488990362787, "closenessCentrality": 0.3102491693597167, "harmonicCentrality": 156.70421711057315, "componentSize": 1.0, "pagerank": 0.00211864406779661, "coreNumber": 3.7860169491525424, "onionLayer": 11.629237288135593, "effectiveSize": 6.565798378978198, "nodeCliqueNumber": 2.593220338983051, "numberOfCliques": 6.372881355932203, "clustering": 0.0698993164449398, "squareClustering": 0.03951528811878239, "closenessVitality": 0.7627118644067796, "constraint": 0.31963978903479273, "degree_neighborMean": 16.318121246696652, "eigenvectorCentrality_neighborMean": 0.06583622365008122, "betweennessCentrality_neighborMean": 0.018950889666293953, "closenessCentrality_neighborMean": 0.34156619181583, "harmonicCentrality_neighborMean": 175.65925044927164, "componentSize_neighborMean": 1.0, "pagerank_neighborMean": 0.004532203794363713, "coreNumber_neighborMean": 4.8751883064671455, "onionLayer_neighborMean": 18.879340286915557, "effectiveSize_neighborMean": 15.544412123960107, "nodeCliqueNumber_neighborMean": 3.0247174449092573, "numberOfCliques_neighborMean": 15.658742440060752, "clustering_neighborMean": 0.06339731051396025, "squareClustering_neighborMean": 0.038271407703438294, "closenessVitality_neighborMean": 0.2913801723502323, "constraint_neighborMean": 0.1580501733587301, "degree_neighborStd": 10.807230623154506, "eigenvectorCentrality_neighborStd": 0.042980788050473555, "betweennessCentrality_neighborStd": 0.018879677373859285, "closenessCentrality_neighborStd": 0.033695112667813575, "harmonicCentrality_neighborStd": 20.139309835601342, "componentSize_neighborStd": 0.0, "pagerank_neighborStd": 0.0027721596020070668, "coreNumber_neighborStd": 0.9283532551791032, "onionLayer_neighborStd": 7.194466804078457, "effectiveSize_neighborStd": 10.456785271456688, "nodeCliqueNumber_neighborStd": 0.5141272479161083, "numberOfCliques_neighborStd": 11.173537978905978, "clustering_neighborStd": 0.04680267506417743, "squareClustering_neighborStd": 0.01634421096808653, "closenessVitality_neighborStd": 0.6183977407450002, "constraint_neighborStd": 0.09989748208627341}