{"degree": 10.957055214723926, "eigenvectorCentrality": 0.03183804138956109, "betweennessCentrality": 0.003545483038397579, "closenessCentrality": 0.37268916149929554, "harmonicCentrality": 193.3666666666671, "componentSize": 1.0, "pagerank": 0.002044989775051125, "coreNumber": 5.773006134969325, "onionLayer": 15.259713701431492, "effectiveSize": 9.822640937080843, "nodeCliqueNumber": 3.1615541922290387, "numberOfCliques": 11.611451942740286, "clustering": 0.13291729513289804, "squareClustering": 0.06807078590198136, "closenessVitality": 0.8568507157464212, "constraint": 0.22975451057929724, "degree_neighborMean": 33.63338162327985, "eigenvectorCentrality_neighborMean": 0.07798461230426834, "betweennessCentrality_neighborMean": 0.022774574681566944, "closenessCentrality_neighborMean": 0.4177046416044939, "harmonicCentrality_neighborMean": 221.38659792706096, "componentSize_neighborMean": 1.0, "pagerank_neighborMean": 0.005768768089310189, "coreNumber_neighborMean": 7.299497600607286, "onionLayer_neighborMean": 26.572710379376844, "effectiveSize_neighborMean": 31.532941003150402, "nodeCliqueNumber_neighborMean": 3.8989446104659526, "numberOfCliques_neighborMean": 46.966169217250254, "clustering_neighborMean": 0.10127949884417028, "squareClustering_neighborMean": 0.06000047351513643, "closenessVitality_neighborMean": 0.34712788874471007, "constraint_neighborMean": 0.09465107007666425, "degree_neighborStd": 28.600685201574407, "eigenvectorCentrality_neighborStd": 0.057086052723798804, "betweennessCentrality_neighborStd": 0.029002309960553727, "closenessCentrality_neighborStd": 0.04648162238300197, "harmonicCentrality_neighborStd": 28.837333090047025, "componentSize_neighborStd": 0.0, "pagerank_neighborStd": 0.00469973023080221, "coreNumber_neighborStd": 0.98777547620294, "onionLayer_neighborStd": 10.309049116236888, "effectiveSize_neighborStd": 27.642421738563993, "nodeCliqueNumber_neighborStd": 0.8016000303702898, "numberOfCliques_neighborStd": 50.10020824926707, "clustering_neighborStd": 0.06473350319057662, "squareClustering_neighborStd": 0.0163569584533951, "closenessVitality_neighborStd": 0.698254365163025, "constraint_neighborStd": 0.06792243632789115}