{"degree": 13.469635627530364, "eigenvectorCentrality": 0.03240289063988124, "betweennessCentrality": 0.002959840719281621, "closenessCentrality": 0.4140985733668354, "harmonicCentrality": 215.28475033738235, "componentSize": 1.0, "pagerank": 0.0020242914979757085, "coreNumber": 7.396761133603239, "onionLayer": 16.267206477732792, "effectiveSize": 11.25026593515263, "nodeCliqueNumber": 3.8724696356275303, "numberOfCliques": 17.062753036437247, "clustering": 0.23154217480345882, "squareClustering": 0.08298368779328466, "closenessVitality": 0.8825910931174089, "constraint": 0.19354950606976293, "degree_neighborMean": 54.41770710368333, "eigenvectorCentrality_neighborMean": 0.08805550381771389, "betweennessCentrality_neighborMean": 0.031637009906425435, "closenessCentrality_neighborMean": 0.46768829852420724, "harmonicCentrality_neighborMean": 249.4103567735235, "componentSize_neighborMean": 1.0, "pagerank_neighborMean": 0.007430463470108312, "coreNumber_neighborMean": 9.200181090228964, "onionLayer_neighborMean": 24.876253705857106, "effectiveSize_neighborMean": 50.58614388498672, "nodeCliqueNumber_neighborMean": 4.664157747427357, "numberOfCliques_neighborMean": 123.80276699832164, "clustering_neighborMean": 0.1508206960383283, "squareClustering_neighborMean": 0.07137546167950684, "closenessVitality_neighborMean": 0.33303091058660583, "constraint_neighborMean": 0.0779408009115996, "degree_neighborStd": 55.7618543362471, "eigenvectorCentrality_neighborStd": 0.07592216483664878, "betweennessCentrality_neighborStd": 0.05071215694256281, "closenessCentrality_neighborStd": 0.06410135271400118, "harmonicCentrality_neighborStd": 39.571509528031115, "componentSize_neighborStd": 0.0, "pagerank_neighborStd": 0.007324397894509544, "coreNumber_neighborStd": 1.150078981234525, "onionLayer_neighborStd": 6.799637127706917, "effectiveSize_neighborStd": 53.965848839162256, "nodeCliqueNumber_neighborStd": 0.900769332754814, "numberOfCliques_neighborStd": 179.24002433753003, "clustering_neighborStd": 0.09917165412297094, "squareClustering_neighborStd": 0.019880123593849535, "closenessVitality_neighborStd": 0.7374586503187656, "constraint_neighborStd": 0.05555974609331988}