{"degree": 14.26, "eigenvectorCentrality": 0.03256917036497866, "betweennessCentrality": 0.003071572864604711, "closenessCentrality": 0.4003192111713401, "harmonicCentrality": 211.58906666666726, "componentSize": 1.0, "pagerank": 0.002, "coreNumber": 7.684, "onionLayer": 22.37, "effectiveSize": 12.362887173735304, "nodeCliqueNumber": 3.792, "numberOfCliques": 17.152, "clustering": 0.17697486252235745, "squareClustering": 0.06440641700756186, "closenessVitality": 0.972, "constraint": 0.16011377175911576, "degree_neighborMean": 37.102298391426, "eigenvectorCentrality_neighborMean": 0.07239127340043264, "betweennessCentrality_neighborMean": 0.01993745962580755, "closenessCentrality_neighborMean": 0.4443738437792772, "harmonicCentrality_neighborMean": 238.2478630881754, "componentSize_neighborMean": 1.0, "pagerank_neighborMean": 0.004846671469918153, "coreNumber_neighborMean": 9.656746172536682, "onionLayer_neighborMean": 36.00844014289933, "effectiveSize_neighborMean": 33.71145181521754, "nodeCliqueNumber_neighborMean": 4.746615294019419, "numberOfCliques_neighborMean": 73.18326091201837, "clustering_neighborMean": 0.13189299019502534, "squareClustering_neighborMean": 0.05680057509646523, "closenessVitality_neighborMean": 0.7319388970301884, "constraint_neighborMean": 0.07426309153194355, "degree_neighborStd": 34.33396311563121, "eigenvectorCentrality_neighborStd": 0.05847026126976816, "betweennessCentrality_neighborStd": 0.03410319331094388, "closenessCentrality_neighborStd": 0.051173192292623855, "harmonicCentrality_neighborStd": 30.80575056220529, "componentSize_neighborStd": 0.0, "pagerank_neighborStd": 0.004228956455595707, "coreNumber_neighborStd": 1.5596692222115147, "onionLayer_neighborStd": 13.134061164822382, "effectiveSize_neighborStd": 32.5641959190173, "nodeCliqueNumber_neighborStd": 1.1444467029832381, "numberOfCliques_neighborStd": 109.7494437199238, "clustering_neighborStd": 0.07004979283535713, "squareClustering_neighborStd": 0.012485486489591156, "closenessVitality_neighborStd": 0.495474912217954, "constraint_neighborStd": 0.049555808014082346}