{"degree": 27.98, "eigenvectorCentrality": 0.03358549595189977, "betweennessCentrality": 0.0023338725644059203, "closenessCentrality": 0.467371139886125, "harmonicCentrality": 245.53773333333373, "componentSize": 1.0, "pagerank": 0.002, "coreNumber": 15.194, "onionLayer": 33.36, "effectiveSize": 22.185250724161655, "nodeCliqueNumber": 6.018, "numberOfCliques": 91.84, "clustering": 0.25858772482499687, "squareClustering": 0.12046494478586721, "closenessVitality": 0.9555231883119115, "constraint": 0.09294146337197796, "degree_neighborMean": 69.17930236676217, "eigenvectorCentrality_neighborMean": 0.07057553284609572, "betweennessCentrality_neighborMean": 0.012475410831366975, "closenessCentrality_neighborMean": 0.5143759415635678, "harmonicCentrality_neighborMean": 275.22964306000677, "componentSize_neighborMean": 1.0, "pagerank_neighborMean": 0.004592093992818599, "coreNumber_neighborMean": 19.793879788630846, "onionLayer_neighborMean": 51.93540211047506, "effectiveSize_neighborMean": 58.72901199476504, "nodeCliqueNumber_neighborMean": 7.974305108810364, "numberOfCliques_neighborMean": 445.7982733269484, "clustering_neighborMean": 0.19986200195138937, "squareClustering_neighborMean": 0.10997399415303996, "closenessVitality_neighborMean": 0.706898781928928, "constraint_neighborMean": 0.04356141656607228, "degree_neighborStd": 55.92746926699557, "eigenvectorCentrality_neighborStd": 0.04747806455714111, "betweennessCentrality_neighborStd": 0.01877341812446943, "closenessCentrality_neighborStd": 0.05262201094032092, "harmonicCentrality_neighborStd": 34.444726060250105, "componentSize_neighborStd": 0.0, "pagerank_neighborStd": 0.0035343602183273474, "coreNumber_neighborStd": 4.235001919190186, "onionLayer_neighborStd": 18.067886368179447, "effectiveSize_neighborStd": 50.68371554639138, "nodeCliqueNumber_neighborStd": 2.248653494876071, "numberOfCliques_neighborStd": 712.5135578024556, "clustering_neighborStd": 0.07741048981501768, "squareClustering_neighborStd": 0.018827452991824586, "closenessVitality_neighborStd": 0.6102644483485954, "constraint_neighborStd": 0.032100647835740036}