{"degree": 16.4390243902439, "eigenvectorCentrality": 0.031134426854133864, "betweennessCentrality": 0.003160202037200554, "closenessCentrality": 0.39891258582186734, "harmonicCentrality": 208.55406504065093, "componentSize": 1.0, "pagerank": 0.0020325203252032522, "coreNumber": 8.859756097560975, "onionLayer": 24.93089430894309, "effectiveSize": 14.316616197382404, "nodeCliqueNumber": 3.8069105691056913, "numberOfCliques": 26.577235772357724, "clustering": 0.1426200010111038, "squareClustering": 0.0828041670250881, "closenessVitality": 0.8861688104749731, "constraint": 0.18299445583273796, "degree_neighborMean": 39.6384657196828, "eigenvectorCentrality_neighborMean": 0.06745512384152734, "betweennessCentrality_neighborMean": 0.01504608712380474, "closenessCentrality_neighborMean": 0.4458237170058194, "harmonicCentrality_neighborMean": 236.60118757162263, "componentSize_neighborMean": 1.0, "pagerank_neighborMean": 0.004564827949391161, "coreNumber_neighborMean": 12.1311801374125, "onionLayer_neighborMean": 41.24578026356577, "effectiveSize_neighborMean": 35.41992099843158, "nodeCliqueNumber_neighborMean": 4.883571841123381, "numberOfCliques_neighborMean": 99.4635144535658, "clustering_neighborMean": 0.12373512063498575, "squareClustering_neighborMean": 0.0788182001258317, "closenessVitality_neighborMean": 0.5215240409328628, "constraint_neighborMean": 0.06880351440991625, "degree_neighborStd": 28.84771277180112, "eigenvectorCentrality_neighborStd": 0.04476978587897935, "betweennessCentrality_neighborStd": 0.01881166043006057, "closenessCentrality_neighborStd": 0.04642284005554488, "harmonicCentrality_neighborStd": 27.691012670874027, "componentSize_neighborStd": 0.0, "pagerank_neighborStd": 0.0031419534421540944, "coreNumber_neighborStd": 2.6121582343272287, "onionLayer_neighborStd": 15.413545456610105, "effectiveSize_neighborStd": 26.492801757642592, "nodeCliqueNumber_neighborStd": 1.199715782100448, "numberOfCliques_neighborStd": 120.57484307769184, "clustering_neighborStd": 0.056304838789597085, "squareClustering_neighborStd": 0.017721515616438487, "closenessVitality_neighborStd": 0.633105707071458, "constraint_neighborStd": 0.05265051859408595}