{"degree": 14.778904665314402, "eigenvectorCentrality": 0.03337176732610114, "betweennessCentrality": 0.0032739074948203535, "closenessCentrality": 0.3886969584751941, "harmonicCentrality": 203.62292089249547, "componentSize": 1.0, "pagerank": 0.002028397565922921, "coreNumber": 7.870182555780933, "onionLayer": 23.59837728194726, "effectiveSize": 13.181430036297384, "nodeCliqueNumber": 3.5699797160243407, "numberOfCliques": 17.107505070993916, "clustering": 0.1359605456343245, "squareClustering": 0.06989964077085202, "closenessVitality": 0.9188640973630832, "constraint": 0.16672501030405332, "degree_neighborMean": 31.88455142119852, "eigenvectorCentrality_neighborMean": 0.06553623172693522, "betweennessCentrality_neighborMean": 0.012263928423097566, "closenessCentrality_neighborMean": 0.42830991984266786, "harmonicCentrality_neighborMean": 227.51971493202927, "componentSize_neighborMean": 1.0, "pagerank_neighborMean": 0.004075791163134147, "coreNumber_neighborMean": 9.88328640245493, "onionLayer_neighborMean": 37.16804149278233, "effectiveSize_neighborMean": 29.13178583007806, "nodeCliqueNumber_neighborMean": 4.303238394307689, "numberOfCliques_neighborMean": 47.67686702314135, "clustering_neighborMean": 0.11030149903656414, "squareClustering_neighborMean": 0.062414844359355424, "closenessVitality_neighborMean": 0.6541007330853994, "constraint_neighborMean": 0.07161526963764138, "degree_neighborStd": 22.055077010501254, "eigenvectorCentrality_neighborStd": 0.04113513061127018, "betweennessCentrality_neighborStd": 0.015047759227855693, "closenessCentrality_neighborStd": 0.04145131031834876, "harmonicCentrality_neighborStd": 24.702464461789713, "componentSize_neighborStd": 0.0, "pagerank_neighborStd": 0.0026217506409678204, "coreNumber_neighborStd": 1.471547536738197, "onionLayer_neighborStd": 12.518579601914482, "effectiveSize_neighborStd": 20.73901264768755, "nodeCliqueNumber_neighborStd": 0.8943419468718226, "numberOfCliques_neighborStd": 48.748863229513965, "clustering_neighborStd": 0.05787227518512755, "squareClustering_neighborStd": 0.014864921964768171, "closenessVitality_neighborStd": 0.547936023967199, "constraint_neighborStd": 0.05071891897442717}