{"degree": 12.473469387755102, "eigenvectorCentrality": 0.03276132953154464, "betweennessCentrality": 0.003252980765875695, "closenessCentrality": 0.39228678682535845, "harmonicCentrality": 203.4465306122453, "componentSize": 1.0, "pagerank": 0.0020408163265306124, "coreNumber": 6.7306122448979595, "onionLayer": 16.753061224489795, "effectiveSize": 11.302568974881824, "nodeCliqueNumber": 3.2, "numberOfCliques": 12.93673469387755, "clustering": 0.12090387801609935, "squareClustering": 0.07370717046659286, "closenessVitality": 0.9183673469387755, "constraint": 0.17021108671082616, "degree_neighborMean": 39.17834672386881, "eigenvectorCentrality_neighborMean": 0.07601670147265592, "betweennessCentrality_neighborMean": 0.02366334097236047, "closenessCentrality_neighborMean": 0.43224575011943756, "harmonicCentrality_neighborMean": 229.0580569904373, "componentSize_neighborMean": 1.0, "pagerank_neighborMean": 0.005829098046498802, "coreNumber_neighborMean": 8.019766870149443, "onionLayer_neighborMean": 25.009493066143026, "effectiveSize_neighborMean": 37.38039584706659, "nodeCliqueNumber_neighborMean": 3.659595905034918, "numberOfCliques_neighborMean": 54.07660230790966, "clustering_neighborMean": 0.08830828194426742, "squareClustering_neighborMean": 0.0673944366890984, "closenessVitality_neighborMean": 0.47875060120609714, "constraint_neighborMean": 0.08233311081503011, "degree_neighborStd": 38.805459909521154, "eigenvectorCentrality_neighborStd": 0.066033804365235, "betweennessCentrality_neighborStd": 0.038161454504616985, "closenessCentrality_neighborStd": 0.05538817893639249, "harmonicCentrality_neighborStd": 33.77969923538599, "componentSize_neighborStd": 0.0, "pagerank_neighborStd": 0.0054627850220065124, "coreNumber_neighborStd": 1.1280970725462116, "onionLayer_neighborStd": 8.726500341484636, "effectiveSize_neighborStd": 37.947475146337254, "nodeCliqueNumber_neighborStd": 0.7458040183415202, "numberOfCliques_neighborStd": 70.82772569648125, "clustering_neighborStd": 0.06552633491683314, "squareClustering_neighborStd": 0.021074310882091545, "closenessVitality_neighborStd": 0.6838529193585842, "constraint_neighborStd": 0.057216571182050924}