{"degree": 15.807615230460922, "eigenvectorCentrality": 0.033128219245464136, "betweennessCentrality": 0.0026512180907514943, "closenessCentrality": 0.43799789887811036, "harmonicCentrality": 228.5571810287245, "componentSize": 1.0, "pagerank": 0.002004008016032064, "coreNumber": 8.47695390781563, "onionLayer": 19.48697394789579, "effectiveSize": 13.062969782609546, "nodeCliqueNumber": 4.328657314629258, "numberOfCliques": 20.763527054108216, "clustering": 0.23509303020211225, "squareClustering": 0.08496875653862311, "closenessVitality": 0.9559118236472945, "constraint": 0.13786972650361434, "degree_neighborMean": 58.73694955715138, "eigenvectorCentrality_neighborMean": 0.08419887869744969, "betweennessCentrality_neighborMean": 0.032348773255888405, "closenessCentrality_neighborMean": 0.49064303297027023, "harmonicCentrality_neighborMean": 261.1562639104167, "componentSize_neighborMean": 1.0, "pagerank_neighborMean": 0.006773094780098577, "coreNumber_neighborMean": 9.993516750925988, "onionLayer_neighborMean": 28.089337778868327, "effectiveSize_neighborMean": 54.08351983242782, "nodeCliqueNumber_neighborMean": 5.187679472665422, "numberOfCliques_neighborMean": 168.34006520086723, "clustering_neighborMean": 0.16774525540957433, "squareClustering_neighborMean": 0.07400889212950765, "closenessVitality_neighborMean": 0.6382131444449696, "constraint_neighborMean": 0.07277117149012086, "degree_neighborStd": 71.49293635404965, "eigenvectorCentrality_neighborStd": 0.08145836585750307, "betweennessCentrality_neighborStd": 0.06804972251395354, "closenessCentrality_neighborStd": 0.07389321708172784, "harmonicCentrality_neighborStd": 45.073257414256126, "componentSize_neighborStd": 0.0, "pagerank_neighborStd": 0.007994230734338323, "coreNumber_neighborStd": 1.4022285113733857, "onionLayer_neighborStd": 9.017675098693664, "effectiveSize_neighborStd": 68.92543534760549, "nodeCliqueNumber_neighborStd": 1.1652369267408775, "numberOfCliques_neighborStd": 316.1567502839614, "clustering_neighborStd": 0.09515943793947954, "squareClustering_neighborStd": 0.018260195671961632, "closenessVitality_neighborStd": 0.6216197153713563, "constraint_neighborStd": 0.04913228135026582}