{"degree": 13.254032258064516, "eigenvectorCentrality": 0.032985922088801155, "betweennessCentrality": 0.00355222263117, "closenessCentrality": 0.36805743956678727, "harmonicCentrality": 194.8318548387102, "componentSize": 1.0, "pagerank": 0.002016129032258064, "coreNumber": 7.330645161290323, "onionLayer": 16.475806451612904, "effectiveSize": 12.323074108237398, "nodeCliqueNumber": 3.034274193548387, "numberOfCliques": 13.73991935483871, "clustering": 0.08827079451573634, "squareClustering": 0.0673093271507797, "closenessVitality": 0.8911290322580645, "constraint": 0.18719879804988943, "degree_neighborMean": 26.62505326390094, "eigenvectorCentrality_neighborMean": 0.06179790290220471, "betweennessCentrality_neighborMean": 0.010732044849179608, "closenessCentrality_neighborMean": 0.4020860904998498, "harmonicCentrality_neighborMean": 216.1433457167519, "componentSize_neighborMean": 1.0, "pagerank_neighborMean": 0.0037859578375011135, "coreNumber_neighborMean": 9.605046874482612, "onionLayer_neighborMean": 25.25721242770498, "effectiveSize_neighborMean": 25.107993710650707, "nodeCliqueNumber_neighborMean": 3.5678298303403335, "numberOfCliques_neighborMean": 30.092769579559583, "clustering_neighborMean": 0.06961877828648393, "squareClustering_neighborMean": 0.060466781741395595, "closenessVitality_neighborMean": 0.6469139157940842, "constraint_neighborMean": 0.07657258530693535, "degree_neighborStd": 15.072896692713925, "eigenvectorCentrality_neighborStd": 0.03498918869252451, "betweennessCentrality_neighborStd": 0.010096019999259805, "closenessCentrality_neighborStd": 0.032817779848162504, "harmonicCentrality_neighborStd": 20.25383603078736, "componentSize_neighborStd": 0.0, "pagerank_neighborStd": 0.001960917601780561, "coreNumber_neighborStd": 1.587810069353412, "onionLayer_neighborStd": 7.180803139011927, "effectiveSize_neighborStd": 14.474447676270461, "nodeCliqueNumber_neighborStd": 0.6378931695799733, "numberOfCliques_neighborStd": 21.47059273443663, "clustering_neighborStd": 0.04525879603935074, "squareClustering_neighborStd": 0.01535094835457184, "closenessVitality_neighborStd": 0.5221640812546089, "constraint_neighborStd": 0.05463538658876796}