{"degree": 19.591919191919192, "eigenvectorCentrality": 0.03339792404627936, "betweennessCentrality": 0.002804867457370927, "closenessCentrality": 0.42601709345634015, "harmonicCentrality": 222.9360269360274, "componentSize": 1.0, "pagerank": 0.00202020202020202, "coreNumber": 10.474747474747474, "onionLayer": 22.0, "effectiveSize": 16.730974337914173, "nodeCliqueNumber": 4.490909090909091, "numberOfCliques": 29.90707070707071, "clustering": 0.18765715780683373, "squareClustering": 0.1091774315923705, "closenessVitality": 0.9434343434343434, "constraint": 0.1286970802919897, "degree_neighborMean": 54.29417107526115, "eigenvectorCentrality_neighborMean": 0.07427019368057293, "betweennessCentrality_neighborMean": 0.014671841047640896, "closenessCentrality_neighborMean": 0.47496394445496226, "harmonicCentrality_neighborMean": 253.9527597965278, "componentSize_neighborMean": 1.0, "pagerank_neighborMean": 0.005151262030443766, "coreNumber_neighborMean": 13.482906768572557, "onionLayer_neighborMean": 35.608548526128885, "effectiveSize_neighborMean": 49.17885184705388, "nodeCliqueNumber_neighborMean": 5.922198551301368, "numberOfCliques_neighborMean": 124.3205279541736, "clustering_neighborMean": 0.13343047096690513, "squareClustering_neighborMean": 0.0922201190553096, "closenessVitality_neighborMean": 0.6288645256607482, "constraint_neighborMean": 0.05433612171727055, "degree_neighborStd": 39.546887287487685, "eigenvectorCentrality_neighborStd": 0.04660854024061665, "betweennessCentrality_neighborStd": 0.01701356896331122, "closenessCentrality_neighborStd": 0.04925345436762097, "harmonicCentrality_neighborStd": 30.754076280729933, "componentSize_neighborStd": 0.0, "pagerank_neighborStd": 0.003562949814124212, "coreNumber_neighborStd": 2.1372265992090433, "onionLayer_neighborStd": 11.391956645086424, "effectiveSize_neighborStd": 37.268826523366606, "nodeCliqueNumber_neighborStd": 1.984542250676112, "numberOfCliques_neighborStd": 138.44886994532715, "clustering_neighborStd": 0.06959476381305281, "squareClustering_neighborStd": 0.01985516006304351, "closenessVitality_neighborStd": 0.6161221496355473, "constraint_neighborStd": 0.04097865251139445}