{"degree": 16.33266533066132, "eigenvectorCentrality": 0.032937429380339445, "betweennessCentrality": 0.0028287972355302672, "closenessCentrality": 0.421019166793635, "harmonicCentrality": 221.46927187708798, "componentSize": 1.0, "pagerank": 0.002004008016032064, "coreNumber": 8.743486973947896, "onionLayer": 18.617234468937877, "effectiveSize": 13.95520634077537, "nodeCliqueNumber": 3.837675350701403, "numberOfCliques": 23.65130260521042, "clustering": 0.21105062301236743, "squareClustering": 0.10317602944181317, "closenessVitality": 0.9559118236472945, "constraint": 0.15935151363412306, "degree_neighborMean": 59.25473120959002, "eigenvectorCentrality_neighborMean": 0.08490052908616626, "betweennessCentrality_neighborMean": 0.024324762091846593, "closenessCentrality_neighborMean": 0.47583609573272023, "harmonicCentrality_neighborMean": 257.02376863247315, "componentSize_neighborMean": 1.0, "pagerank_neighborMean": 0.006720558269074316, "coreNumber_neighborMean": 11.49528671827239, "onionLayer_neighborMean": 29.82464305784685, "effectiveSize_neighborMean": 55.15785559902726, "nodeCliqueNumber_neighborMean": 4.9895657325516325, "numberOfCliques_neighborMean": 114.12527777284785, "clustering_neighborMean": 0.1362070202365219, "squareClustering_neighborMean": 0.0889439971413771, "closenessVitality_neighborMean": 0.537313968682782, "constraint_neighborMean": 0.06171288895284565, "degree_neighborStd": 49.474957290797526, "eigenvectorCentrality_neighborStd": 0.05840008369743798, "betweennessCentrality_neighborStd": 0.029723827197588076, "closenessCentrality_neighborStd": 0.05592731594326171, "harmonicCentrality_neighborStd": 36.017433231699776, "componentSize_neighborStd": 0.0, "pagerank_neighborStd": 0.0054603829799050865, "coreNumber_neighborStd": 1.899440404337408, "onionLayer_neighborStd": 8.751773381012937, "effectiveSize_neighborStd": 48.17346938414081, "nodeCliqueNumber_neighborStd": 1.173238935192934, "numberOfCliques_neighborStd": 113.53398335927601, "clustering_neighborStd": 0.08178682760987992, "squareClustering_neighborStd": 0.02162792441587154, "closenessVitality_neighborStd": 0.6585223224784745, "constraint_neighborStd": 0.04727033757265848}