{"degree": 9.23076923076923, "eigenvectorCentrality": 0.27213548592531384, "betweennessCentrality": 0.020979020979020973, "closenessCentrality": 0.8313403592517667, "harmonicCentrality": 10.615384615384615, "componentSize": 1.0, "pagerank": 0.07692307692307693, "coreNumber": 7.461538461538462, "onionLayer": 3.4615384615384617, "effectiveSize": 2.3783383283383284, "nodeCliqueNumber": 8.307692307692308, "numberOfCliques": 3.230769230769231, "clustering": 0.8576479076479075, "squareClustering": 0.7118606073185785, "closenessVitality": 0.9999999999808651, "constraint": 0.3260863876341359, "degree_neighborMean": 9.962506937506937, "eigenvectorCentrality_neighborMean": 0.2889684202475475, "betweennessCentrality_neighborMean": 0.02726006937587024, "closenessCentrality_neighborMean": 0.8717882726639914, "harmonicCentrality_neighborMean": 10.981253468753467, "componentSize_neighborMean": 1.0, "pagerank_neighborMean": 0.08231491296764827, "coreNumber_neighborMean": 7.69044844044844, "onionLayer_neighborMean": 3.69044844044844, "effectiveSize_neighborMean": 2.7356103072012163, "nodeCliqueNumber_neighborMean": 8.570232545232546, "numberOfCliques_neighborMean": 3.8163780663780664, "clustering_neighborMean": 0.8261912500278302, "squareClustering_neighborMean": 0.6861345720923181, "closenessVitality_neighborMean": 0.9999999999729681, "constraint_neighborMean": 0.3199369673136486, "degree_neighborStd": 1.829886497378777, "eigenvectorCentrality_neighborStd": 0.04158903920290529, "betweennessCentrality_neighborStd": 0.01905396950745188, "closenessCentrality_neighborStd": 0.10681677827397452, "harmonicCentrality_neighborStd": 0.9149432486893885, "componentSize_neighborStd": 0.0, "pagerank_neighborStd": 0.013525796529931812, "coreNumber_neighborStd": 0.5777315017083093, "onionLayer_neighborStd": 0.5777315017083093, "effectiveSize_neighborStd": 1.0112977629141302, "nodeCliqueNumber_neighborStd": 0.7612149998691465, "numberOfCliques_neighborStd": 1.7246838162336953, "clustering_neighborStd": 0.08563874412831513, "squareClustering_neighborStd": 0.0666993365441057, "closenessVitality_neighborStd": 3.2670798182735226e-11, "constraint_neighborStd": 0.01560671288176357}