{"degree": 8.111801242236025, "eigenvectorCentrality": 0.02840910946771328, "betweennessCentrality": 0.004453271997922909, "closenessCentrality": 0.32480731613587593, "harmonicCentrality": 167.76264418811024, "componentSize": 1.0, "pagerank": 0.0020703933747412014, "coreNumber": 4.391304347826087, "onionLayer": 14.55072463768116, "effectiveSize": 7.478691305999992, "nodeCliqueNumber": 2.7867494824016563, "numberOfCliques": 7.975155279503106, "clustering": 0.09107219073343559, "squareClustering": 0.048311771964511425, "closenessVitality": 0.7971014492765173, "constraint": 0.29340434729409526, "degree_neighborMean": 19.93102682549308, "eigenvectorCentrality_neighborMean": 0.06466413837317835, "betweennessCentrality_neighborMean": 0.019927940175493906, "closenessCentrality_neighborMean": 0.35904018011823663, "harmonicCentrality_neighborMean": 188.73672729790627, "componentSize_neighborMean": 1.0, "pagerank_neighborMean": 0.004647825551226787, "coreNumber_neighborMean": 5.735151543483615, "onionLayer_neighborMean": 23.568227667280272, "effectiveSize_neighborMean": 18.700764178663604, "nodeCliqueNumber_neighborMean": 3.3120294991036356, "numberOfCliques_neighborMean": 23.79104084039966, "clustering_neighborMean": 0.07442166023777246, "squareClustering_neighborMean": 0.04618669234698081, "closenessVitality_neighborMean": 0.29951209971621984, "constraint_neighborMean": 0.135661548736222, "degree_neighborStd": 14.591759030819137, "eigenvectorCentrality_neighborStd": 0.04858203014237905, "betweennessCentrality_neighborStd": 0.023823641813294372, "closenessCentrality_neighborStd": 0.03806885773633827, "harmonicCentrality_neighborStd": 22.88206950916167, "componentSize_neighborStd": 0.0, "pagerank_neighborStd": 0.003127929091491585, "coreNumber_neighborStd": 1.067243392541119, "onionLayer_neighborStd": 8.459897567886243, "effectiveSize_neighborStd": 13.869637276431183, "nodeCliqueNumber_neighborStd": 0.685071682256541, "numberOfCliques_neighborStd": 22.482305067613872, "clustering_neighborStd": 0.05319824096265337, "squareClustering_neighborStd": 0.016751355352912552, "closenessVitality_neighborStd": 0.6260596220398336, "constraint_neighborStd": 0.08762743879507565}