{"degree": 19.050100200400802, "eigenvectorCentrality": 0.033569640980358584, "betweennessCentrality": 0.0026639948503019628, "closenessCentrality": 0.4360186896848327, "harmonicCentrality": 229.0811623246498, "componentSize": 1.0, "pagerank": 0.002004008016032064, "coreNumber": 10.182364729458918, "onionLayer": 24.655310621242485, "effectiveSize": 16.143758841754966, "nodeCliqueNumber": 4.3346693386773545, "numberOfCliques": 30.22444889779559, "clustering": 0.20366570727714356, "squareClustering": 0.0950386564378956, "closenessVitality": 0.9478957915831663, "constraint": 0.12562976113899813, "degree_neighborMean": 56.48379985806779, "eigenvectorCentrality_neighborMean": 0.07652047408446633, "betweennessCentrality_neighborMean": 0.01748637243938808, "closenessCentrality_neighborMean": 0.48418897142087924, "harmonicCentrality_neighborMean": 259.9568715089433, "componentSize_neighborMean": 1.0, "pagerank_neighborMean": 0.00547555082244053, "coreNumber_neighborMean": 13.047022699972018, "onionLayer_neighborMean": 40.02425058038539, "effectiveSize_neighborMean": 51.39813666363937, "nodeCliqueNumber_neighborMean": 5.3884794780853795, "numberOfCliques_neighborMean": 140.46784340521435, "clustering_neighborMean": 0.14361648379643097, "squareClustering_neighborMean": 0.08197331301525618, "closenessVitality_neighborMean": 0.6537230524612195, "constraint_neighborMean": 0.058450435011881595, "degree_neighborStd": 47.50714416668102, "eigenvectorCentrality_neighborStd": 0.052588903651290875, "betweennessCentrality_neighborStd": 0.025421505486163145, "closenessCentrality_neighborStd": 0.05234340412566473, "harmonicCentrality_neighborStd": 33.43947953469875, "componentSize_neighborStd": 0.0, "pagerank_neighborStd": 0.004438784503106734, "coreNumber_neighborStd": 2.3303192679410216, "onionLayer_neighborStd": 13.875260984230728, "effectiveSize_neighborStd": 45.36231916503136, "nodeCliqueNumber_neighborStd": 1.380571662964319, "numberOfCliques_neighborStd": 178.28812156605883, "clustering_neighborStd": 0.07728752376342549, "squareClustering_neighborStd": 0.0160607324155561, "closenessVitality_neighborStd": 0.6105367022194638, "constraint_neighborStd": 0.04524758789492777}