{"degree": 12.294478527607362, "eigenvectorCentrality": 0.032375280798614556, "betweennessCentrality": 0.0032491498598823695, "closenessCentrality": 0.39415910066968873, "harmonicCentrality": 203.68425357873252, "componentSize": 1.0, "pagerank": 0.002044989775051125, "coreNumber": 6.615541922290388, "onionLayer": 17.701431492842534, "effectiveSize": 10.848861847583787, "nodeCliqueNumber": 3.38241308793456, "numberOfCliques": 13.484662576687116, "clustering": 0.15307310153676731, "squareClustering": 0.08749703285455322, "closenessVitality": 0.9222903885480572, "constraint": 0.18712559430236667, "degree_neighborMean": 44.00155147189703, "eigenvectorCentrality_neighborMean": 0.08230458500953503, "betweennessCentrality_neighborMean": 0.027931126789856354, "closenessCentrality_neighborMean": 0.44394714412345687, "harmonicCentrality_neighborMean": 234.5910811519089, "componentSize_neighborMean": 1.0, "pagerank_neighborMean": 0.006641012454295399, "coreNumber_neighborMean": 8.070885236037046, "onionLayer_neighborMean": 27.168272015567794, "effectiveSize_neighborMean": 41.579167543189705, "nodeCliqueNumber_neighborMean": 3.970215258142036, "numberOfCliques_neighborMean": 69.15996572628765, "clustering_neighborMean": 0.11401822912347737, "squareClustering_neighborMean": 0.07390802195605052, "closenessVitality_neighborMean": 0.630124911797449, "constraint_neighborMean": 0.08668881793509295, "degree_neighborStd": 43.646238929860864, "eigenvectorCentrality_neighborStd": 0.06924484961552499, "betweennessCentrality_neighborStd": 0.0450130078237062, "closenessCentrality_neighborStd": 0.05927485312397772, "harmonicCentrality_neighborStd": 35.936193121091954, "componentSize_neighborStd": 0.0, "pagerank_neighborStd": 0.006330876022271534, "coreNumber_neighborStd": 1.1717472669394478, "onionLayer_neighborStd": 8.978892087938, "effectiveSize_neighborStd": 42.5536882473124, "nodeCliqueNumber_neighborStd": 0.7293527385851323, "numberOfCliques_neighborStd": 92.50181023628545, "clustering_neighborStd": 0.0746781463899715, "squareClustering_neighborStd": 0.02414186702576113, "closenessVitality_neighborStd": 0.5553261496780667, "constraint_neighborStd": 0.06268608567745618}