{"degree": 9.934826883910388, "eigenvectorCentrality": 0.0317062934839559, "betweennessCentrality": 0.003844536577641315, "closenessCentrality": 0.3524495516711571, "harmonicCentrality": 184.15084860828287, "componentSize": 1.0, "pagerank": 0.002036659877800407, "coreNumber": 5.315682281059063, "onionLayer": 18.18737270875764, "effectiveSize": 8.992886230522982, "nodeCliqueNumber": 3.069246435845214, "numberOfCliques": 9.65173116089613, "clustering": 0.12332576831551265, "squareClustering": 0.051500500960635416, "closenessVitality": 0.8818737270875764, "constraint": 0.21182035849114494, "degree_neighborMean": 22.63949088072114, "eigenvectorCentrality_neighborMean": 0.06469359980978008, "betweennessCentrality_neighborMean": 0.017776093622620757, "closenessCentrality_neighborMean": 0.3842616961046758, "harmonicCentrality_neighborMean": 203.8282008148888, "componentSize_neighborMean": 1.0, "pagerank_neighborMean": 0.004279578546200775, "coreNumber_neighborMean": 6.27066498261219, "onionLayer_neighborMean": 27.735960013811596, "effectiveSize_neighborMean": 21.117326389234314, "nodeCliqueNumber_neighborMean": 3.5382687545797125, "numberOfCliques_neighborMean": 26.934868679924787, "clustering_neighborMean": 0.09673827463365747, "squareClustering_neighborMean": 0.04463192361284093, "closenessVitality_neighborMean": 0.5605512880372375, "constraint_neighborMean": 0.11077058311638395, "degree_neighborStd": 19.625680220441456, "eigenvectorCentrality_neighborStd": 0.052249606995268164, "betweennessCentrality_neighborStd": 0.026763009782230427, "closenessCentrality_neighborStd": 0.04105995700284579, "harmonicCentrality_neighborStd": 25.15408135350321, "componentSize_neighborStd": 0.0, "pagerank_neighborStd": 0.0034432303939080306, "coreNumber_neighborStd": 0.8556835191875635, "onionLayer_neighborStd": 10.958557902367682, "effectiveSize_neighborStd": 18.87937545845279, "nodeCliqueNumber_neighborStd": 0.7129203273457825, "numberOfCliques_neighborStd": 30.217141239035175, "clustering_neighborStd": 0.06611465990635917, "squareClustering_neighborStd": 0.015989936856175186, "closenessVitality_neighborStd": 0.5895595511343199, "constraint_neighborStd": 0.07107143198254502}