{"degree": 8.140127388535031, "eigenvectorCentrality": 0.029628148203157137, "betweennessCentrality": 0.004492647212507727, "closenessCentrality": 0.3274024587480228, "harmonicCentrality": 164.77430997876877, "componentSize": 1.0, "pagerank": 0.0021231422505307855, "coreNumber": 4.471337579617835, "onionLayer": 14.751592356687897, "effectiveSize": 7.653663658401304, "nodeCliqueNumber": 2.6475583864118897, "numberOfCliques": 7.791932059447983, "clustering": 0.07354024350858282, "squareClustering": 0.051302821678121696, "closenessVitality": 0.7919320594479831, "constraint": 0.3042212784535163, "degree_neighborMean": 20.830821869541722, "eigenvectorCentrality_neighborMean": 0.06750287890333223, "betweennessCentrality_neighborMean": 0.019668065002632466, "closenessCentrality_neighborMean": 0.3642254839863716, "harmonicCentrality_neighborMean": 186.9938081821947, "componentSize_neighborMean": 1.0, "pagerank_neighborMean": 0.005016163612243201, "coreNumber_neighborMean": 6.2345379663792055, "onionLayer_neighborMean": 24.917527440776453, "effectiveSize_neighborMean": 19.883392496179134, "nodeCliqueNumber_neighborMean": 3.2007307086328, "numberOfCliques_neighborMean": 22.26364556137336, "clustering_neighborMean": 0.05722322691366846, "squareClustering_neighborMean": 0.04916507858657046, "closenessVitality_neighborMean": 0.2281656838344069, "constraint_neighborMean": 0.11830421396085485, "degree_neighborStd": 12.6676928884685, "eigenvectorCentrality_neighborStd": 0.04120471052736799, "betweennessCentrality_neighborStd": 0.0186123168584331, "closenessCentrality_neighborStd": 0.03251391587132669, "harmonicCentrality_neighborStd": 19.40951076939011, "componentSize_neighborStd": 0.0, "pagerank_neighborStd": 0.002844609263646628, "coreNumber_neighborStd": 1.145830884609794, "onionLayer_neighborStd": 7.407056725195883, "effectiveSize_neighborStd": 12.25724392123317, "nodeCliqueNumber_neighborStd": 0.5639265801278905, "numberOfCliques_neighborStd": 15.653617399573866, "clustering_neighborStd": 0.04375670012363799, "squareClustering_neighborStd": 0.017350300767149423, "closenessVitality_neighborStd": 0.6282807257745435, "constraint_neighborStd": 0.0795716914508739}