{"degree": 6.348195329087049, "eigenvectorCentrality": 0.030754583384521077, "betweennessCentrality": 0.005218270061421157, "closenessCentrality": 0.29578464601764365, "harmonicCentrality": 149.6528561318371, "componentSize": 1.0, "pagerank": 0.0021231422505307855, "coreNumber": 3.4203821656050954, "onionLayer": 12.770700636942674, "effectiveSize": 6.071580521293812, "nodeCliqueNumber": 2.4373673036093417, "numberOfCliques": 5.883227176220807, "clustering": 0.050284890588911495, "squareClustering": 0.03695294049460482, "closenessVitality": 0.7154989348979701, "constraint": 0.3441787164544943, "degree_neighborMean": 14.037920150854445, "eigenvectorCentrality_neighborMean": 0.06147156633119816, "betweennessCentrality_neighborMean": 0.01951098655391835, "closenessCentrality_neighborMean": 0.32417242460269075, "harmonicCentrality_neighborMean": 166.8257375741377, "componentSize_neighborMean": 1.0, "pagerank_neighborMean": 0.004356008637240508, "coreNumber_neighborMean": 4.259388164029638, "onionLayer_neighborMean": 20.698310384344417, "effectiveSize_neighborMean": 13.560550298360559, "nodeCliqueNumber_neighborMean": 2.759675327135758, "numberOfCliques_neighborMean": 13.35579325156456, "clustering_neighborMean": 0.04512392364070057, "squareClustering_neighborMean": 0.03442901842675877, "closenessVitality_neighborMean": 0.21162955193640423, "constraint_neighborMean": 0.1676875970613196, "degree_neighborStd": 9.403319591001775, "eigenvectorCentrality_neighborStd": 0.04169359403836797, "betweennessCentrality_neighborStd": 0.021270805890071624, "closenessCentrality_neighborStd": 0.029350139553819918, "harmonicCentrality_neighborStd": 17.68599786111436, "componentSize_neighborStd": 0.0, "pagerank_neighborStd": 0.002664278391708564, "coreNumber_neighborStd": 0.6224501469638951, "onionLayer_neighborStd": 7.958727965137438, "effectiveSize_neighborStd": 9.180868589890736, "nodeCliqueNumber_neighborStd": 0.4082676483469316, "numberOfCliques_neighborStd": 9.615561168264426, "clustering_neighborStd": 0.03918355513894954, "squareClustering_neighborStd": 0.015162983421823506, "closenessVitality_neighborStd": 0.621176862295179, "constraint_neighborStd": 0.10003920025928174}