{"degree": 15.480730223123732, "eigenvectorCentrality": 0.03154319213201362, "betweennessCentrality": 0.0031912843760454885, "closenessCentrality": 0.39570774501157663, "harmonicCentrality": 207.13901284651843, "componentSize": 1.0, "pagerank": 0.002028397565922921, "coreNumber": 8.33265720081136, "onionLayer": 19.50709939148073, "effectiveSize": 13.532072482399643, "nodeCliqueNumber": 3.7545638945233266, "numberOfCliques": 21.768762677484787, "clustering": 0.14490065094272647, "squareClustering": 0.07768476628261314, "closenessVitality": 0.8945233265720081, "constraint": 0.1719331413269437, "degree_neighborMean": 37.2936547710439, "eigenvectorCentrality_neighborMean": 0.0683671089952592, "betweennessCentrality_neighborMean": 0.013916018917917791, "closenessCentrality_neighborMean": 0.4407094952883486, "harmonicCentrality_neighborMean": 234.12225084159897, "componentSize_neighborMean": 1.0, "pagerank_neighborMean": 0.004505266737995688, "coreNumber_neighborMean": 11.17891332865115, "onionLayer_neighborMean": 31.5696669042156, "effectiveSize_neighborMean": 33.55083597149449, "nodeCliqueNumber_neighborMean": 4.757970059388112, "numberOfCliques_neighborMean": 78.81772291258586, "clustering_neighborMean": 0.12454867989896966, "squareClustering_neighborMean": 0.07315388304331741, "closenessVitality_neighborMean": 0.5550235207177043, "constraint_neighborMean": 0.07120171404061539, "degree_neighborStd": 27.408902213194477, "eigenvectorCentrality_neighborStd": 0.046218983938292116, "betweennessCentrality_neighborStd": 0.016547467752539333, "closenessCentrality_neighborStd": 0.047712150082317994, "harmonicCentrality_neighborStd": 28.335644979710175, "componentSize_neighborStd": 0.0, "pagerank_neighborStd": 0.0031016795021371617, "coreNumber_neighborStd": 2.4780743412353936, "onionLayer_neighborStd": 11.724520859443036, "effectiveSize_neighborStd": 25.34182124230596, "nodeCliqueNumber_neighborStd": 1.2003312378009194, "numberOfCliques_neighborStd": 89.44820599440212, "clustering_neighborStd": 0.059948837086690195, "squareClustering_neighborStd": 0.01639043921126156, "closenessVitality_neighborStd": 0.6283101413473726, "constraint_neighborStd": 0.0534187711554521}