{"degree": 21.536290322580644, "eigenvectorCentrality": 0.03285633642543713, "betweennessCentrality": 0.0026637176255172854, "closenessCentrality": 0.43899169668126165, "harmonicCentrality": 229.44415322580684, "componentSize": 1.0, "pagerank": 0.0020161290322580645, "coreNumber": 11.560483870967742, "onionLayer": 24.570564516129032, "effectiveSize": 17.19472707432888, "nodeCliqueNumber": 5.360887096774194, "numberOfCliques": 45.17741935483871, "clustering": 0.2819650524225276, "squareClustering": 0.13769393073103467, "closenessVitality": 0.9435483870967742, "constraint": 0.13555692008744857, "degree_neighborMean": 69.33483790576913, "eigenvectorCentrality_neighborMean": 0.08062921224215593, "betweennessCentrality_neighborMean": 0.01925673394326475, "closenessCentrality_neighborMean": 0.4986997327322778, "harmonicCentrality_neighborMean": 267.1635877419244, "componentSize_neighborMean": 1.0, "pagerank_neighborMean": 0.00598058508377538, "coreNumber_neighborMean": 15.857251776870392, "onionLayer_neighborMean": 41.40976676981569, "effectiveSize_neighborMean": 61.208668680862985, "nodeCliqueNumber_neighborMean": 7.285354207340818, "numberOfCliques_neighborMean": 273.2193835522193, "clustering_neighborMean": 0.18202998454092253, "squareClustering_neighborMean": 0.11131559878828114, "closenessVitality_neighborMean": 0.610299092478997, "constraint_neighborMean": 0.052356307995681785, "degree_neighborStd": 54.428224418883445, "eigenvectorCentrality_neighborStd": 0.0523949277247763, "betweennessCentrality_neighborStd": 0.026449585145505237, "closenessCentrality_neighborStd": 0.057532211389367253, "harmonicCentrality_neighborStd": 36.14417679994147, "componentSize_neighborStd": 0.0, "pagerank_neighborStd": 0.004552167393278064, "coreNumber_neighborStd": 2.7154546233394927, "onionLayer_neighborStd": 12.31899689472241, "effectiveSize_neighborStd": 50.976390297779474, "nodeCliqueNumber_neighborStd": 2.1371813227610783, "numberOfCliques_neighborStd": 345.2851998958243, "clustering_neighborStd": 0.08782809640816823, "squareClustering_neighborStd": 0.022616591939221366, "closenessVitality_neighborStd": 0.6151832439016602, "constraint_neighborStd": 0.03951184384637643}