{"degree": 7.70464135021097, "eigenvectorCentrality": 0.030145507888697725, "betweennessCentrality": 0.004733360155392556, "closenessCentrality": 0.3144704247415262, "harmonicCentrality": 159.54485633916025, "componentSize": 1.0, "pagerank": 0.0021097046413502104, "coreNumber": 4.318565400843882, "onionLayer": 15.879746835443038, "effectiveSize": 7.29574937441346, "nodeCliqueNumber": 2.6223628691983123, "numberOfCliques": 7.061181434599156, "clustering": 0.06628488580741018, "squareClustering": 0.037041249217509044, "closenessVitality": 0.8185653749190944, "constraint": 0.2780915061218523, "degree_neighborMean": 14.702727943659195, "eigenvectorCentrality_neighborMean": 0.05565803082856211, "betweennessCentrality_neighborMean": 0.014744899671028992, "closenessCentrality_neighborMean": 0.3411276961646764, "harmonicCentrality_neighborMean": 175.45511733919056, "componentSize_neighborMean": 1.0, "pagerank_neighborMean": 0.0037478511996581285, "coreNumber_neighborMean": 5.450996606039737, "onionLayer_neighborMean": 22.824072951814543, "effectiveSize_neighborMean": 14.040812160321767, "nodeCliqueNumber_neighborMean": 2.9567554265870046, "numberOfCliques_neighborMean": 14.033825104350935, "clustering_neighborMean": 0.05385687202461294, "squareClustering_neighborMean": 0.034559703125334094, "closenessVitality_neighborMean": 0.5055619101590277, "constraint_neighborMean": 0.14173350482784441, "degree_neighborStd": 9.423981976392215, "eigenvectorCentrality_neighborStd": 0.038529989518595084, "betweennessCentrality_neighborStd": 0.01764909879722001, "closenessCentrality_neighborStd": 0.03117756954533754, "harmonicCentrality_neighborStd": 18.354681786423683, "componentSize_neighborStd": 0.0, "pagerank_neighborStd": 0.0021559118557712515, "coreNumber_neighborStd": 1.0413341664628117, "onionLayer_neighborStd": 6.89201780813954, "effectiveSize_neighborStd": 9.116818638701304, "nodeCliqueNumber_neighborStd": 0.5089789995090767, "numberOfCliques_neighborStd": 10.040640406599158, "clustering_neighborStd": 0.044764334398265056, "squareClustering_neighborStd": 0.013258063258882784, "closenessVitality_neighborStd": 0.5369118551522153, "constraint_neighborStd": 0.08473640197769858}